delay,freq,condition,thisN,thisTrialN,thisRepN,key_resp.keys,key_resp.rt,key_resp.duration,textbox.text,button.numClicks,button.timesOn,button.timesOff,trials.thisRepN,trials.thisTrialN,trials.thisN,trials.thisIndex,thisRow.t,notes,trial.started,polygon.started,polygon_2.started,key_resp.started,polygon.stopped,trial.stopped,trials.key_resp.keys,trials.key_resp.rt,trials.key_resp.duration,beep.started,sound_1.started,sound_1.stopped,beep.stopped,response.started,text.started,textbox.started,button.started,response.stopped,trials.textbox.text,trials.button.numClicks,trials.button.timesOn,trials.button.timesOff,participant,session,date,expName,expVersion,psychopyVersion,frameRate,expStart,
0.1,400,exp,0,0,0,space,0.3344390999991447,None,200,1,[4.56748880003579],[4.567503400146961],0,0,0,12,0.024869600078091025,,0.018583300057798624,0.024869600078091025,1.0074366999324411,1.0074366999324411,1.0244030999019742,1.4549112000968307,space,0.3344390999991447,None,1.4553648000583053,1.5570200666009137,1.8769918999169022,1.8573716999962926,1.858578700106591,1.8769918999169022,1.8769918999169022,1.8769918999169022,6.444871099898592,200,1,[4.56748880003579],[4.567503400146961],participant_1,001,2025-11-13_15h09.20.907,Deeya Intentional Binding,,2025.1.1,60.18404280301539,2025-11-13 15h09.38.921727 +0530,
0.7,1000,exp,1,1,0,space,0.28585899993777275,None,400,1,[2.0614699001889676],[2.061483200173825],0,1,1,8,6.457127999980003,,6.445076999953017,6.457127999980003,7.457169099943712,7.457169099943712,7.457169099943712,7.7584983999840915,space,0.28585899993777275,None,7.760008400073275,8.474129566752042,8.780302800005302,8.769237699918449,8.769891500007361,8.780302800005302,8.780302800005302,8.780302800005302,10.842170899966732,400,1,[2.0614699001889676],[2.061483200173825],participant_1,001,2025-11-13_15h09.20.907,Deeya Intentional Binding,,2025.1.1,60.18404280301539,2025-11-13 15h09.38.921727 +0530,
0.7,400,unexp,2,2,0,space,0.22157260007224977,None,600,1,[3.025619799969718],[3.0256366000976413],0,2,2,2,10.857072100043297,,10.842520999955013,10.857072100043297,11.857446300098673,11.857446300098673,11.857446300098673,12.091630100039765,space,0.22157260007224977,None,12.092560200020671,12.806997466661658,13.115903500001878,13.104670699918643,13.105252400040627,13.115903500001878,13.115903500001878,13.115903500001878,16.142000100109726,600,1,[3.025619799969718],[3.0256366000976413],participant_1,001,2025-11-13_15h09.20.907,Deeya Intentional Binding,,2025.1.1,60.18404280301539,2025-11-13 15h09.38.921727 +0530,
0.4,1000,exp,3,3,0,space,0.5610342998988926,None,250,1,[4.292749000014737],[4.292765300022438],0,3,3,4,16.15756560000591,,16.142496000044048,16.15756560000591,17.156914599938318,17.156914599938318,17.156914599938318,17.72483510011807,space,0.5610342998988926,None,17.72571779997088,18.140882866752023,18.44882360007614,18.436542500043288,18.437299699988216,18.44882360007614,18.44882360007614,18.44882360007614,22.74206249997951,250,1,[4.292749000014737],[4.292765300022438],participant_1,001,2025-11-13_15h09.20.907,Deeya Intentional Binding,,2025.1.1,60.18404280301539,2025-11-13 15h09.38.921727 +0530,
0.7,1000,exp,4,4,0,space,0.5615985000040382,None,400,1,[1.7094074999913573],[1.7094237999990582],0,4,4,5,22.75691740005277,,22.74252579989843,22.75691740005277,23.756918899947777,23.756918899947777,23.756918899947777,24.32458489993587,space,0.5615985000040382,None,24.3255340999458,25.040723766727993,25.3482234000694,25.336744700092822,25.3374737999402,25.3482234000694,25.3482234000694,25.3482234000694,27.057998900068924,400,1,[1.7094074999913573],[1.7094237999990582],participant_1,001,2025-11-13_15h09.20.907,Deeya Intentional Binding,,2025.1.1,60.18404280301539,2025-11-13 15h09.38.921727 +0530,
0.4,1000,exp,5,5,0,space,0.644495900021866,None,500,1,[2.092827800195664],[2.0928418000694364],0,5,5,10,27.07416670001112,,27.058321800082922,27.07416670001112,28.074310099938884,28.074310099938884,28.074310099938884,28.725180000066757,space,0.644495900021866,None,28.72653149999678,29.140637666747594,29.44985090009868,29.438384199980646,29.43895630002953,29.44985090009868,29.44985090009868,29.44985090009868,31.543136599939317,500,1,[2.092827800195664],[2.0928418000694364],participant_1,001,2025-11-13_15h09.20.907,Deeya Intentional Binding,,2025.1.1,60.18404280301539,2025-11-13 15h09.38.921727 +0530,
0.4,1000,exp,6,6,0,space,0.28748749988153577,None,300,1,[3.056818400043994],[3.0568299998994917],0,6,6,7,31.556779199978337,,31.543509399984032,31.556779199978337,32.55688560009003,32.55688560009003,32.55688560009003,32.857732200063765,space,0.28748749988153577,None,32.85899189999327,33.25719216658423,33.567772400099784,33.5565633000806,33.55713149998337,33.567772400099784,33.567772400099784,33.567772400099784,36.62496499996632,300,1,[3.056818400043994],[3.0568299998994917],participant_1,001,2025-11-13_15h09.20.907,Deeya Intentional Binding,,2025.1.1,60.18404280301539,2025-11-13 15h09.38.921727 +0530,
0.4,400,unexp,7,7,0,space,0.2998150000348687,None,100,1,[2.641999199986458],[2.642012999858707],0,7,7,1,36.64053039997816,,36.62532210000791,36.64053039997816,37.640402500052005,37.640402500052005,37.640402500052005,37.94098090007901,space,0.2998150000348687,None,37.94193740002811,38.34008106665375,38.64914060011506,38.63757900008932,38.638506500050426,38.64914060011506,38.64914060011506,38.64914060011506,41.29152560001239,100,1,[2.641999199986458],[2.642012999858707],participant_1,001,2025-11-13_15h09.20.907,Deeya Intentional Binding,,2025.1.1,60.18404280301539,2025-11-13 15h09.38.921727 +0530,
0.1,1000,exp,8,8,0,space,0.2425824000965804,None,100,1,[2.9078961999621242],[2.9079072000458837],0,8,8,6,41.306471599964425,,41.29185999999754,41.306471599964425,42.3068784000352,42.3068784000352,42.3068784000352,42.55748929991387,space,0.2425824000965804,None,42.558542700018734,42.65714116656842,42.96677220007405,42.95858739991672,42.95911239995621,42.96677220007405,42.96677220007405,42.96677220007405,45.87515050009824,100,1,[2.9078961999621242],[2.9079072000458837],participant_1,001,2025-11-13_15h09.20.907,Deeya Intentional Binding,,2025.1.1,60.18404280301539,2025-11-13 15h09.38.921727 +0530,
0.7,1000,exp,9,9,0,space,0.17344260006211698,None,,1,[0.34276179992593825],[0.3427687999792397],0,9,9,11,45.89005440007895,,45.875483999960124,45.89005440007895,46.89006350003183,46.89006350003183,46.89006350003183,47.07474959990941,space,0.17344260006211698,None,47.07580680004321,47.790324266596386,48.09785780007951,48.08777470001951,48.08842059993185,48.09785780007951,48.09785780007951,48.09785780007951,48.44090740010142,,1,[0.34276179992593825],[0.3427687999792397],participant_1,001,2025-11-13_15h09.20.907,Deeya Intentional Binding,,2025.1.1,60.18404280301539,2025-11-13 15h09.38.921727 +0530,
0.1,1000,exp,10,10,0,space,1.7318166999612004,None,500,1,[2.6551522999070585],[2.6551659000106156],0,10,10,9,48.4564877001103,,48.44111549993977,48.4564877001103,49.44046550011262,49.44046550011262,49.45691690011881,51.173753099981695,space,1.7318166999612004,None,51.174784699920565,51.2728648665982,51.585733900079504,51.57273110002279,51.57357609993778,51.585733900079504,51.585733900079504,51.585733900079504,54.24136559991166,500,1,[2.6551522999070585],[2.6551659000106156],participant_1,001,2025-11-13_15h09.20.907,Deeya Intentional Binding,,2025.1.1,60.18404280301539,2025-11-13 15h09.38.921727 +0530,
0.4,400,exp,11,11,0,space,0.3079093999695033,None,200,1,[3.226442800136283],[3.22645159997046],0,11,11,13,54.2561924001202,,54.24187029991299,54.2561924001202,55.25628100009635,55.25628100009635,55.25628100009635,55.57456180010922,space,0.3079093999695033,None,55.57563790003769,55.990178366719434,56.297629199922085,56.28703560004942,56.287757999962196,56.297629199922085,56.297629199922085,56.297629199922085,59.524402000010014,200,1,[3.226442800136283],[3.22645159997046],participant_1,001,2025-11-13_15h09.20.907,Deeya Intentional Binding,,2025.1.1,60.18404280301539,2025-11-13 15h09.38.921727 +0530,
0.4,1000,unexp,12,12,0,space,0.29493920016102493,None,200,1,[2.5628241999074817],[2.5628384000156075],0,12,12,15,59.539514400064945,,59.52471880009398,59.539514400064945,60.54012920008972,60.54012920008972,60.54012920008972,60.840056099928916,space,0.29493920016102493,None,60.84100009989925,61.24003866670343,61.544855300104246,61.53533610003069,61.535879800096154,61.544855300104246,61.544855300104246,61.544855300104246,64.10807610000484,200,1,[2.5628241999074817],[2.5628384000156075],participant_1,001,2025-11-13_15h09.20.907,Deeya Intentional Binding,,2025.1.1,60.18404280301539,2025-11-13 15h09.38.921727 +0530,
0.7,1000,unexp,13,13,0,space,0.2316995000001043,None,400,1,[2.739106999943033],[2.739122499944642],0,13,13,14,64.12349699996412,,64.10841020010412,64.12349699996412,65.12351409997791,65.12351409997791,65.12351409997791,65.35702660004608,space,0.2316995000001043,None,65.35819280007854,66.05667466676483,66.36850670003332,66.35800989996642,66.35856690001674,66.36850670003332,66.36850670003332,66.36850670003332,69.10804340010509,400,1,[2.739106999943033],[2.739122499944642],participant_1,001,2025-11-13_15h09.20.907,Deeya Intentional Binding,,2025.1.1,60.18404280301539,2025-11-13 15h09.38.921727 +0530,
0.1,1000,exp,14,14,0,space,0.2418069001287222,None,100,1,[2.473028500098735],[2.4730402000714093],0,14,14,3,69.12329329992644,,69.10843940009363,69.12329329992644,70.12349750008434,70.12349750008434,70.12349750008434,70.37392390007153,space,0.2418069001287222,None,70.37512929993682,70.49016546673762,70.80093579995446,70.78839390003122,70.78898880002089,70.80093579995446,70.80093579995446,70.80093579995446,73.27433550008573,100,1,[2.473028500098735],[2.4730402000714093],participant_1,001,2025-11-13_15h09.20.907,Deeya Intentional Binding,,2025.1.1,60.18404280301539,2025-11-13 15h09.38.921727 +0530,
0.1,400,unexp,15,15,0,space,0.3545915000140667,None,150,1,[6.68641550000757],[6.6864299001172185],0,15,15,0,73.28984369989485,,73.27468769997358,73.28984369989485,74.28960929997265,74.28960929997265,74.28960929997265,74.65730990003794,space,0.3545915000140667,None,74.65827129990794,74.77259006660121,75.08788500004448,75.0760490000248,75.07670950004831,75.08788500004448,75.08788500004448,75.08788500004448,81.77484189998358,150,1,[6.68641550000757],[6.6864299001172185],participant_1,001,2025-11-13_15h09.20.907,Deeya Intentional Binding,,2025.1.1,60.18404280301539,2025-11-13 15h09.38.921727 +0530,
0.1,1000,exp,16,0,1,space,0.43930500000715256,None,100,1,[2.842210599919781],[2.842224600026384],1,0,16,6,81.78955919994041,,81.77525829989463,81.78955919994041,82.7893590000458,82.7893590000458,82.7893590000458,83.24029479990713,space,0.43930500000715256,None,83.24154449999332,83.3399104667517,83.64830820006318,83.63684029993601,83.6374983000569,83.64830820006318,83.64830820006318,83.64830820006318,86.49089320003986,100,1,[2.842210599919781],[2.842224600026384],participant_1,001,2025-11-13_15h09.20.907,Deeya Intentional Binding,,2025.1.1,60.18404280301539,2025-11-13 15h09.38.921727 +0530,
0.4,400,unexp,17,1,1,space,0.28750979993492365,None,400,1,[2.253559899982065],[2.2535729999653995],1,1,17,1,86.50655389996246,,86.49123020004481,86.50655389996246,87.50638130004518,87.50638130004518,87.50638130004518,87.80753919994459,space,0.28750979993492365,None,87.80871709994972,88.20670336677382,88.5213121001143,88.50905070011504,88.50979829998687,88.5213121001143,88.5213121001143,88.5213121001143,90.77527610003017,400,1,[2.253559899982065],[2.2535729999653995],participant_1,001,2025-11-13_15h09.20.907,Deeya Intentional Binding,,2025.1.1,60.18404280301539,2025-11-13 15h09.38.921727 +0530,
0.1,1000,exp,18,2,1,space,0.6258604000322521,None,100,1,[2.4107091000769287],[2.410723499953747],1,2,18,3,90.78961839992553,,90.77559299999848,90.78961839992553,91.78966989996843,91.78966989996843,91.78966989996843,92.4237949999515,space,0.6258604000322521,None,92.4248126000166,92.52296516677985,92.83025870006531,92.82061480008997,92.82111499994062,92.83025870006531,92.83025870006531,92.83025870006531,95.24138609995134,100,1,[2.4107091000769287],[2.410723499953747],participant_1,001,2025-11-13_15h09.20.907,Deeya Intentional Binding,,2025.1.1,60.18404280301539,2025-11-13 15h09.38.921727 +0530,
0.7,1000,unexp,19,3,1,space,0.5055426999460906,None,600,1,[1.656060399953276],[1.65608279989101],1,3,19,14,95.25603480008431,,95.24178169993684,95.25603480008431,96.2560185000766,96.2560185000766,96.2560185000766,96.77367329993285,space,0.5055426999460906,None,96.77470980002545,97.48877866665522,97.80064109992236,97.7891303000506,97.7898325000424,97.80064109992236,97.80064109992236,97.80064109992236,99.45724630006589,600,1,[1.656060399953276],[1.65608279989101],participant_1,001,2025-11-13_15h09.20.907,Deeya Intentional Binding,,2025.1.1,60.18404280301539,2025-11-13 15h09.38.921727 +0530,
0.7,400,unexp,20,4,1,space,0.29637460014782846,None,300,1,[3.6264757001772523],[3.6264890001621097],1,4,20,2,99.47299550008029,,99.4576473000925,99.47299550008029,100.47218609997071,100.47218609997071,100.47218609997071,100.774030999979,space,0.29637460014782846,None,100.7753956001252,101.48883656674685,101.7969824001193,101.78471860010177,101.7855732999742,101.7969824001193,101.7969824001193,101.7969824001193,105.42387200007215,300,1,[3.6264757001772523],[3.6264890001621097],participant_1,001,2025-11-13_15h09.20.907,Deeya Intentional Binding,,2025.1.1,60.18404280301539,2025-11-13 15h09.38.921727 +0530,
0.1,400,unexp,21,5,1,space,0.6795500000007451,None,100,1,[2.4715372000355273],[2.4715489000082016],1,5,21,0,105.43921310012229,,105.42429849994369,105.43921310012229,106.43944610003382,106.43944610003382,106.43944610003382,107.12267390009947,space,0.6795500000007451,None,107.12354109995067,107.22268146678495,107.53524990007281,107.52539910003543,107.52590160002,107.53524990007281,107.53524990007281,107.53524990007281,110.0072097000666,100,1,[2.4715372000355273],[2.4715489000082016],participant_1,001,2025-11-13_15h09.20.907,Deeya Intentional Binding,,2025.1.1,60.18404280301539,2025-11-13 15h09.38.921727 +0530,
0.1,400,exp,22,6,1,space,0.7451742999255657,None,100,1,[1.830775300040841],[1.830787600018084],1,6,22,12,110.02240950008854,,110.00762409996241,110.02240950008854,111.02180440002121,111.02180440002121,111.02180440002121,111.7728202000726,space,0.7451742999255657,None,111.7740929001011,111.87190086656871,112.17598060006276,112.16620810003951,112.16665929998271,112.17598060006276,112.17598060006276,112.17598060006276,114.00714060012251,100,1,[1.830775300040841],[1.830787600018084],participant_1,001,2025-11-13_15h09.20.907,Deeya Intentional Binding,,2025.1.1,60.18404280301539,2025-11-13 15h09.38.921727 +0530,
0.1,1000,exp,23,7,1,space,0.2342894000466913,None,50,1,[2.555149700026959],[2.5551611001137644],1,7,23,9,114.02267100010067,,114.00751570006832,114.02267100010067,115.02247569989413,115.02247569989413,115.02247569989413,115.27249339991249,space,0.2342894000466913,None,115.27344819996506,115.37247786677132,115.6845257000532,115.67434830009006,115.6749950000085,115.6845257000532,115.6845257000532,115.6845257000532,118.24005979998037,50,1,[2.555149700026959],[2.5551611001137644],participant_1,001,2025-11-13_15h09.20.907,Deeya Intentional Binding,,2025.1.1,60.18404280301539,2025-11-13 15h09.38.921727 +0530,
0.4,1000,unexp,24,8,1,space,0.429293500026688,None,400,1,[4.727433500112966],[4.7274462000932544],1,8,24,15,118.25584500003606,,118.24042079993524,118.25584500003606,119.25551620009355,119.25551620009355,119.25551620009355,119.69022549991496,space,0.429293500026688,None,119.69178829994053,120.08944336657102,120.39576179999858,120.38546620006673,120.38605289999396,120.39576179999858,120.39576179999858,120.39576179999858,125.12360200006515,400,1,[4.727433500112966],[4.7274462000932544],participant_1,001,2025-11-13_15h09.20.907,Deeya Intentional Binding,,2025.1.1,60.18404280301539,2025-11-13 15h09.38.921727 +0530,
0.7,1000,exp,25,9,1,space,0.24259839998558164,None,700,1,[1.589428799925372],[1.5894424999132752],1,9,25,8,125.13894360000268,,125.12399400002323,125.13894360000268,126.12258130009286,126.12258130009286,126.13847390003502,126.37332100002095,space,0.24259839998558164,None,126.37445560004562,127.08817116666275,127.40021810005419,127.38868320011534,127.38922080001794,127.40021810005419,127.40021810005419,127.40021810005419,128.9902798999101,700,1,[1.589428799925372],[1.5894424999132752],participant_1,001,2025-11-13_15h09.20.907,Deeya Intentional Binding,,2025.1.1,60.18404280301539,2025-11-13 15h09.38.921727 +0530,
0.7,1000,exp,26,10,1,space,0.3027951999101788,None,600,1,[3.408455800032243],[3.408470100024715],1,10,26,5,129.00545180006884,,128.9906965000555,129.00545180006884,130.0056602000259,130.0056602000259,130.0056602000259,130.32223649998195,space,0.3027951999101788,None,130.32304010004736,131.02163376665365,131.3317227999214,131.32430500001647,131.3246049999725,131.3317227999214,131.3317227999214,131.3317227999214,134.74056990002282,600,1,[3.408455800032243],[3.408470100024715],participant_1,001,2025-11-13_15h09.20.907,Deeya Intentional Binding,,2025.1.1,60.18404280301539,2025-11-13 15h09.38.921727 +0530,
0.7,1000,exp,27,11,1,space,0.24478020006790757,None,800,1,[3.1731187000405043],[3.173133300151676],1,11,27,11,134.75551950000226,,134.7409367999062,134.75551950000226,135.75536919990554,135.75536919990554,135.75536919990554,136.00579490000382,space,0.24478020006790757,None,136.0066887999419,136.70550246659357,137.01727170008235,137.00780360004865,137.00830419990234,137.01727170008235,137.01727170008235,137.01727170008235,140.19080620002933,800,1,[3.1731187000405043],[3.173133300151676],participant_1,001,2025-11-13_15h09.20.907,Deeya Intentional Binding,,2025.1.1,60.18404280301539,2025-11-13 15h09.38.921727 +0530,
0.4,1000,exp,28,12,1,space,0.24689119984395802,None,200,1,[2.1133129000663757],[2.1133249001577497],1,12,28,10,140.20536669995636,,140.1911663999781,140.20536669995636,141.2046541001182,141.2046541001182,141.2046541001182,141.45573340007104,space,0.24689119984395802,None,141.45683789998293,141.85499966663,142.1591523999814,142.14836500003003,142.14900170010515,142.1591523999814,142.1591523999814,142.1591523999814,144.27284409990534,200,1,[2.1133129000663757],[2.1133249001577497],participant_1,001,2025-11-13_15h09.20.907,Deeya Intentional Binding,,2025.1.1,60.18404280301539,2025-11-13 15h09.38.921727 +0530,
0.4,1000,exp,29,13,1,space,0.19881270010955632,None,100,1,[2.0604582999367267],[2.0604682001285255],1,13,29,7,144.28808639990166,,144.27313650003634,144.28808639990166,145.28895079996437,145.28895079996437,145.28895079996437,145.48935459996574,space,0.19881270010955632,None,145.49043489992619,145.88846926676732,146.19551190012135,146.186004600022,146.1865940000862,146.19551190012135,146.19551190012135,146.19551190012135,148.25628650002182,100,1,[2.0604582999367267],[2.0604682001285255],participant_1,001,2025-11-13_15h09.20.907,Deeya Intentional Binding,,2025.1.1,60.18404280301539,2025-11-13 15h09.38.921727 +0530,
0.4,1000,exp,30,14,1,space,0.1923718999605626,None,120,1,[5.406896300148219],[5.406921199988574],1,14,30,4,148.27133359992877,,148.2565564000979,148.27133359992877,149.2719179999549,149.2719179999549,149.2719179999549,149.47267189994454,space,0.1923718999605626,None,149.47359189996496,149.88888286665704,150.19875529990532,150.188499199925,150.18899610009976,150.19875529990532,150.19875529990532,150.19875529990532,155.60622099996544,120,1,[5.406896300148219],[5.406921199988574],participant_1,001,2025-11-13_15h09.20.907,Deeya Intentional Binding,,2025.1.1,60.18404280301539,2025-11-13 15h09.38.921727 +0530,
0.4,400,exp,31,15,1,space,0.19275079993531108,None,500,1,[2.539732600096613],[2.5397481999825686],1,15,31,13,155.62125189998187,,155.60669580008835,155.62125189998187,156.62116280011833,156.62116280011833,156.62116280011833,156.82318300008774,space,0.19275079993531108,None,156.8248123000376,157.23830936669063,157.5506061001215,157.53977750008926,157.54033250012435,157.5506061001215,157.5506061001215,157.5506061001215,160.0908101000823,500,1,[2.539732600096613],[2.5397481999825686],participant_1,001,2025-11-13_15h09.20.907,Deeya Intentional Binding,,2025.1.1,60.18404280301539,2025-11-13 15h09.38.921727 +0530,
0.7,1000,exp,32,0,2,space,0.3116970998235047,None,700,1,[2.9252263999078423],[2.9252416000235826],2,0,32,8,160.10506450012326,,160.09119269996881,160.10506450012326,161.10490870010108,161.10490870010108,161.10490870010108,161.42194440006278,space,0.3116970998235047,None,161.4229486999102,162.12115416658733,162.43017790000886,162.41934989998117,162.41978199989535,162.43017790000886,162.43017790000886,162.43017790000886,165.35586780006997,700,1,[2.9252263999078423],[2.9252416000235826],participant_1,001,2025-11-13_15h09.20.907,Deeya Intentional Binding,,2025.1.1,60.18404280301539,2025-11-13 15h09.38.921727 +0530,
0.7,400,unexp,33,1,2,space,0.3756531998515129,None,800,1,[2.2122482999693602],[2.212262500077486],2,1,33,2,165.3711173001211,,165.35629309993237,165.3711173001211,166.37141539994627,166.37141539994627,166.37141539994627,166.75558239989914,space,0.3756531998515129,None,166.75653559993953,167.4708880666333,167.77627629996277,167.76538460003212,167.76592770009302,167.77627629996277,167.77627629996277,167.77627629996277,169.98898659995757,800,1,[2.2122482999693602],[2.212262500077486],participant_1,001,2025-11-13_15h09.20.907,Deeya Intentional Binding,,2025.1.1,60.18404280301539,2025-11-13 15h09.38.921727 +0530,
0.7,1000,exp,34,2,2,space,0.016904300078749657,None,900,1,[1.6631118999794126],[1.6631230001803488],2,2,34,11,170.004933899967,,169.98937320010737,170.004933899967,170.98863500007428,170.98863500007428,171.0048245000653,171.02231610007584,space,0.016904300078749657,None,171.02376729995012,171.73759446671855,172.04208109993488,172.03558970009908,172.03597060008906,172.04208109993488,172.04208109993488,172.04208109993488,173.70553510007448,900,1,[1.6631118999794126],[1.6631230001803488],participant_1,001,2025-11-13_15h09.20.907,Deeya Intentional Binding,,2025.1.1,60.18404280301539,2025-11-13 15h09.38.921727 +0530,
0.4,400,unexp,35,3,2,space,0.43437499995343387,None,300,1,[1.8484275999944657],[1.848443299997598],2,3,35,1,173.72091779997572,,173.70589599991217,173.72091779997572,174.72137439996004,174.72137439996004,174.72137439996004,175.17220739996992,space,0.43437499995343387,None,175.17315339995548,175.57165356661815,175.87462979997508,175.8653776999563,175.8657951001078,175.87462979997508,175.87462979997508,175.87462979997508,177.7235352001153,300,1,[1.8484275999944657],[1.848443299997598],participant_1,001,2025-11-13_15h09.20.907,Deeya Intentional Binding,,2025.1.1,60.18404280301539,2025-11-13 15h09.38.921727 +0530,
0.7,1000,unexp,36,4,2,space,0.2567339001689106,None,500,1,[1.9603073000907898],[1.9603269000072032],2,4,36,14,177.7381647999864,,177.72389760008082,177.7381647999864,178.73807270010002,178.73807270010002,178.73807270010002,179.00570200011134,space,0.2567339001689106,None,179.00664369994774,179.7205584666847,180.02940810006112,180.01893040002324,180.01949390000664,180.02940810006112,180.02940810006112,180.02940810006112,181.99022109992802,500,1,[1.9603073000907898],[1.9603269000072032],participant_1,001,2025-11-13_15h09.20.907,Deeya Intentional Binding,,2025.1.1,60.18404280301539,2025-11-13 15h09.38.921727 +0530,
0.1,400,exp,37,5,2,space,0.6064910998102278,None,100,1,[1.7909967999439687],[1.791012000059709],2,5,37,12,182.00479530007578,,181.99065249995328,182.00479530007578,183.00473050004803,183.00473050004803,183.00473050004803,183.62216009991243,space,0.6064910998102278,None,183.62312390003353,183.73810756678384,184.04836559994146,184.03730359999463,184.037977400003,184.04836559994146,184.04836559994146,184.04836559994146,185.83985799993388,100,1,[1.7909967999439687],[1.791012000059709],participant_1,001,2025-11-13_15h09.20.907,Deeya Intentional Binding,,2025.1.1,60.18404280301539,2025-11-13 15h09.38.921727 +0530,
0.1,1000,exp,38,6,2,space,0.10353010008111596,None,10,1,[6.5922278999350965],[6.5922522998880595],2,6,38,6,185.85437140008435,,185.84021940012462,185.85437140008435,186.85425240010954,186.85425240010954,186.85425240010954,186.97234839992598,space,0.10353010008111596,None,186.9733194001019,187.0879529666311,187.3976708999835,187.3856295000296,187.3862016000785,187.3976708999835,187.3976708999835,187.3976708999835,193.99044020008296,10,1,[6.5922278999350965],[6.5922522998880595],participant_1,001,2025-11-13_15h09.20.907,Deeya Intentional Binding,,2025.1.1,60.18404280301539,2025-11-13 15h09.38.921727 +0530,
0.7,1000,exp,39,7,2,space,0.16950249997898936,None,400,1,[2.7897450998425484],[2.7897661000024527],2,7,39,5,194.0041157999076,,193.99088099994697,194.0041157999076,195.00437869993038,195.00437869993038,195.00437869993038,195.18771869991906,space,0.16950249997898936,None,195.18825039989315,195.88721696666133,196.19884139997885,196.1876876000315,196.18830469995737,196.19884139997885,196.19884139997885,196.19884139997885,198.98904359992594,400,1,[2.7897450998425484],[2.7897661000024527],participant_1,001,2025-11-13_15h09.20.907,Deeya Intentional Binding,,2025.1.1,60.18404280301539,2025-11-13 15h09.38.921727 +0530,
0.1,1000,exp,40,8,2,space,0.5405836999416351,None,100,1,[5.21115340013057],[5.21117310016416],2,8,40,3,199.0042673998978,,198.9894244999159,199.0042673998978,200.0040372000076,200.0040372000076,200.0040372000076,200.55528490012512,space,0.5405836999416351,None,200.55647869990207,200.67093596660223,200.9774752999656,200.96618800004944,200.96684430004098,200.9774752999656,200.9774752999656,200.9774752999656,206.18921260000207,100,1,[5.21115340013057],[5.21117310016416],participant_1,001,2025-11-13_15h09.20.907,Deeya Intentional Binding,,2025.1.1,60.18404280301539,2025-11-13 15h09.38.921727 +0530,
0.1,400,unexp,41,9,2,space,0.00796240009367466,None,90,1,[2.513364200014621],[2.513380700023845],2,9,41,0,206.2038408999797,,206.18960439995863,206.2038408999797,207.20410489989445,207.20410489989445,207.20410489989445,207.2209350001067,space,0.00796240009367466,None,207.22187129990198,207.32013176667195,207.62593539990485,207.61818489991128,207.61856890004128,207.62593539990485,207.62593539990485,207.62593539990485,210.13973699999042,90,1,[2.513364200014621],[2.513380700023845],participant_1,001,2025-11-13_15h09.20.907,Deeya Intentional Binding,,2025.1.1,60.18404280301539,2025-11-13 15h09.38.921727 +0530,
0.4,1000,exp,42,10,2,space,0.2664423000533134,None,80,1,[1.7886560999322683],[1.788668300025165],2,10,42,7,210.15417560003698,,210.14012250001542,210.15417560003698,211.15403420012444,211.15403420012444,211.15403420012444,211.42183170001954,space,0.2664423000533134,None,211.422762400005,211.8367692665818,212.14863110007718,212.13908590003848,212.13954490004107,212.14863110007718,212.14863110007718,212.14863110007718,213.93766669998877,80,1,[1.7886560999322683],[1.788668300025165],participant_1,001,2025-11-13_15h09.20.907,Deeya Intentional Binding,,2025.1.1,60.18404280301539,2025-11-13 15h09.38.921727 +0530,
0.4,1000,exp,43,11,2,space,0.10618150001391768,None,80,1,[4.159868000075221],[4.159882999956608],2,11,43,4,213.9534559000749,,213.9379740001168,213.9534559000749,214.9370484999381,214.9370484999381,214.9535227001179,215.05491199996322,space,0.10618150001391768,None,215.0563439000398,215.47090126673382,215.77915160008706,215.76591570000164,215.76689149998128,215.77915160008706,215.77915160008706,215.77915160008706,219.9394207999576,80,1,[4.159868000075221],[4.159882999956608],participant_1,001,2025-11-13_15h09.20.907,Deeya Intentional Binding,,2025.1.1,60.18404280301539,2025-11-13 15h09.38.921727 +0530,
0.4,1000,exp,44,12,2,space,0.2157654999755323,None,200,1,[2.6395124001428485],[2.6395288000348955],2,12,44,10,219.95392769994214,,219.93978679995053,219.95392769994214,220.9541462000925,220.9541462000925,220.9541462000925,221.17182940011844,space,0.2157654999755323,None,221.17311519989744,221.58671006659668,221.89870169991627,221.88715659989975,221.8879768999759,221.89870169991627,221.89870169991627,221.89870169991627,224.53859369992279,200,1,[2.6395124001428485],[2.6395288000348955],participant_1,001,2025-11-13_15h09.20.907,Deeya Intentional Binding,,2025.1.1,60.18404280301539,2025-11-13 15h09.38.921727 +0530,
0.1,1000,exp,45,13,2,space,0.5122976000420749,None,100,1,[2.410179700003937],[2.410197699908167],2,13,45,9,224.55361629999243,,224.53892450011335,224.55361629999243,225.55410080007277,225.55410080007277,225.55410080007277,226.07090390007943,space,0.5122976000420749,None,226.0724482999649,226.17005556665052,226.4788379999809,226.46687879995443,226.46753280004486,226.4788379999809,226.4788379999809,226.4788379999809,228.88952319999225,100,1,[2.410179700003937],[2.410197699908167],participant_1,001,2025-11-13_15h09.20.907,Deeya Intentional Binding,,2025.1.1,60.18404280301539,2025-11-13 15h09.38.921727 +0530,
0.4,1000,unexp,46,14,2,space,0.1604132999200374,None,500,1,[2.0915753000881523],[2.0915889001917094],2,14,46,15,228.9037880001124,,228.88995549990796,228.9037880001124,229.90388979995623,229.90388979995623,229.90388979995623,230.07171340007335,space,0.1604132999200374,None,230.07265569991432,230.48697356676374,230.79700829996727,230.78614629991353,230.78675529989414,230.79700829996727,230.79700829996727,230.79700829996727,232.88902219990268,500,1,[2.0915753000881523],[2.0915889001917094],participant_1,001,2025-11-13_15h09.20.907,Deeya Intentional Binding,,2025.1.1,60.18404280301539,2025-11-13 15h09.38.921727 +0530,
0.4,400,exp,47,15,2,space,0.24540709983557463,None,300,1,[1.9521186000201851],[1.952132800128311],2,15,47,13,232.90391080011614,,232.88937130011618,232.90391080011614,233.90313469991088,233.90313469991088,233.90313469991088,234.15528409997933,space,0.24540709983557463,None,234.15653560007922,234.5706384666885,234.88655989989638,234.87440320011228,234.87491680006497,234.88655989989638,234.88655989989638,234.88655989989638,236.83908839989454,300,1,[1.9521186000201851],[1.952132800128311],participant_1,001,2025-11-13_15h09.20.907,Deeya Intentional Binding,,2025.1.1,60.18404280301539,2025-11-13 15h09.38.921727 +0530,
0.4,1000,unexp,48,0,3,space,0.7519606999121606,None,200,1,[2.1097977000754327],[2.1098086000420153],3,0,48,15,236.85365059995092,,236.83952690009028,236.85365059995092,237.85336549999192,237.85336549999192,237.85336549999192,238.62109389994293,space,0.7519606999121606,None,238.6221473000478,239.02042686666053,239.32783449999988,239.3186701000668,239.3190828000661,239.32783449999988,239.32783449999988,239.32783449999988,241.43797690002248,200,1,[2.1097977000754327],[2.1098086000420153],participant_1,001,2025-11-13_15h09.20.907,Deeya Intentional Binding,,2025.1.1,60.18404280301539,2025-11-13 15h09.38.921727 +0530,
0.4,400,exp,49,1,3,space,0.2983792999293655,None,400,1,[2.6917584999464452],[2.6917801001109183],3,1,49,13,241.45293939998373,,241.4382247000467,241.45293939998373,242.4538296998944,242.4538296998944,242.4538296998944,242.75407189992256,space,0.2983792999293655,None,242.75516579998657,243.17027536669437,243.48084670002572,243.46770870010369,243.46834339993075,243.48084670002572,243.48084670002572,243.48084670002572,246.17315559997223,400,1,[2.6917584999464452],[2.6917801001109183],participant_1,001,2025-11-13_15h09.20.907,Deeya Intentional Binding,,2025.1.1,60.18404280301539,2025-11-13 15h09.38.921727 +0530,
0.1,400,exp,50,2,3,space,0.35806550015695393,None,100,1,[2.477760300040245],[2.4777740000281483],3,2,50,12,246.18656589998864,,246.17362080002204,246.18656589998864,247.18686669995077,247.18686669995077,247.18686669995077,247.5542011000216,space,0.35806550015695393,None,247.55513700004667,247.65337646665674,247.96039090002887,247.94980899989605,247.95056280004792,247.96039090002887,247.96039090002887,247.96039090002887,250.43853339995258,100,1,[2.477760300040245],[2.4777740000281483],participant_1,001,2025-11-13_15h09.20.907,Deeya Intentional Binding,,2025.1.1,60.18404280301539,2025-11-13 15h09.38.921727 +0530,
0.7,1000,exp,51,3,3,space,0.281956700142473,None,600,1,[2.336870900122449],[2.336893300060183],3,3,51,11,250.4529901999049,,250.43887929990888,250.4529901999049,251.45346180000342,251.45346180000342,251.45346180000342,251.73769610002637,space,0.281956700142473,None,251.7385867999401,252.45280476665747,252.7673009999562,252.75591120007448,252.75646629999392,252.7673009999562,252.7673009999562,252.7673009999562,255.10464220005088,600,1,[2.336870900122449],[2.336893300060183],participant_1,001,2025-11-13_15h09.20.907,Deeya Intentional Binding,,2025.1.1,60.18404280301539,2025-11-13 15h09.38.921727 +0530,
0.4,1000,exp,52,4,3,space,0.21684850007295609,None,500,1,[2.145061899907887],[2.1450829999521375],3,4,52,10,255.11974180000834,,255.10505650006235,255.11974180000834,256.1201704000123,256.1201704000123,256.1201704000123,256.3534923000261,space,0.21684850007295609,None,256.35445769992657,256.75311846664795,257.05925890011713,257.0485795000568,257.0492410999723,257.05925890011713,257.05925890011713,257.05925890011713,259.20476599992253,500,1,[2.145061899907887],[2.1450829999521375],participant_1,001,2025-11-13_15h09.20.907,Deeya Intentional Binding,,2025.1.1,60.18404280301539,2025-11-13 15h09.38.921727 +0530,
0.7,1000,exp,53,5,3,space,0.4135197000578046,None,800,1,[2.8756348001770675],[2.8756427001208067],3,5,53,5,259.22014719992876,,259.2051411999855,259.22014719992876,260.2196744000539,260.2196744000539,260.2196744000539,260.6368694000412,space,0.4135197000578046,None,260.63801430002786,261.33638076676675,261.6447322999593,261.63501539989375,261.63548989989795,261.6447322999593,261.6447322999593,261.6447322999593,264.5205892000813,800,1,[2.8756348001770675],[2.8756427001208067],participant_1,001,2025-11-13_15h09.20.907,Deeya Intentional Binding,,2025.1.1,60.18404280301539,2025-11-13 15h09.38.921727 +0530,
0.7,1000,unexp,54,6,3,space,0.228031599894166,None,900,1,[1.8062514998018742],[1.8062646999023855],3,6,54,14,264.53635430010036,,264.5207557999529,264.53635430010036,265.5361601000186,265.5361601000186,265.5361601000186,265.77087979996577,space,0.228031599894166,None,265.7718601000961,266.4869890667653,266.79835349996574,266.7863996999804,266.7872303999029,266.79835349996574,266.79835349996574,266.79835349996574,268.60498040006496,900,1,[1.8062514998018742],[1.8062646999023855],participant_1,001,2025-11-13_15h09.20.907,Deeya Intentional Binding,,2025.1.1,60.18404280301539,2025-11-13 15h09.38.921727 +0530,
0.4,1000,exp,55,7,3,space,0.22015230008400977,None,200,1,[2.9217185999732465],[2.921733799856156],3,7,55,7,268.61994130001403,,268.60533050005324,268.61994130001403,269.619756200118,269.619756200118,269.619756200118,269.85366349993274,space,0.22015230008400977,None,269.8545578001067,270.25301986659565,270.56564830010757,270.55600300012156,270.5564989000559,270.56564830010757,270.56564830010757,270.56564830010757,273.48782110004686,200,1,[2.9217185999732465],[2.921733799856156],participant_1,001,2025-11-13_15h09.20.907,Deeya Intentional Binding,,2025.1.1,60.18404280301539,2025-11-13 15h09.38.921727 +0530,
0.1,1000,exp,56,8,3,space,0.37789799994789064,None,100,1,[2.590941300150007],[2.590955700026825],3,8,56,3,273.5031421999447,,273.4881833998952,273.5031421999447,274.50319440010935,274.50319440010935,274.50319440010935,274.8872205000371,space,0.37789799994789064,None,274.88813819992356,274.9863575667298,275.29696539998986,275.2863616999239,275.2869071001187,275.29696539998986,275.29696539998986,275.29696539998986,277.8882965000812,100,1,[2.590941300150007],[2.590955700026825],participant_1,001,2025-11-13_15h09.20.907,Deeya Intentional Binding,,2025.1.1,60.18404280301539,2025-11-13 15h09.38.921727 +0530,
0.4,1000,exp,57,9,3,space,0.1893311000894755,None,100,1,[2.490208800183609],[2.49022200005129],3,9,57,4,277.9031235000584,,277.88864429993555,277.9031235000584,278.90318159991875,278.90318159991875,278.90318159991875,279.1034208999481,space,0.1893311000894755,None,279.1043432999868,279.5191655667188,279.8314648999367,279.8192761000246,279.8198134000413,279.8314648999367,279.8314648999367,279.8314648999367,282.3221011001151,100,1,[2.490208800183609],[2.49022200005129],participant_1,001,2025-11-13_15h09.20.907,Deeya Intentional Binding,,2025.1.1,60.18404280301539,2025-11-13 15h09.38.921727 +0530,
0.7,1000,exp,58,10,3,space,0.5369116000365466,None,400,1,[2.337103500030935],[2.3371206999290735],3,10,58,8,282.3362126001157,,282.3224347999785,282.3362126001157,283.33631250006147,283.33631250006147,283.33631250006147,283.8860871999059,space,0.5369116000365466,None,283.88667439995334,284.58646296669417,284.8997998998966,284.88936539995484,284.8900703000836,284.8997998998966,284.8997998998966,284.8997998998966,287.2372926999815,400,1,[2.337103500030935],[2.3371206999290735],participant_1,001,2025-11-13_15h09.20.907,Deeya Intentional Binding,,2025.1.1,60.18404280301539,2025-11-13 15h09.38.921727 +0530,
0.1,1000,exp,59,11,3,space,0.08456069999374449,None,90,1,[2.296755699906498],[2.296772899804637],3,11,59,9,287.252807199955,,287.2376304001082,287.252807199955,288.25251940009184,288.25251940009184,288.25251940009184,288.35286609991454,space,0.08456069999374449,None,288.35385240009055,288.45294886670695,288.7572141001001,288.7462641999591,288.746812999947,288.7572141001001,288.7572141001001,288.7572141001001,291.05436579999514,90,1,[2.296755699906498],[2.296772899804637],participant_1,001,2025-11-13_15h09.20.907,Deeya Intentional Binding,,2025.1.1,60.18404280301539,2025-11-13 15h09.38.921727 +0530,
0.1,400,unexp,60,12,3,space,0.24817810021340847,None,90,1,[3.875111799919978],[3.8751423999201506],3,12,60,0,291.0697747000959,,291.05471870000474,291.0697747000959,292.06915670004673,292.06915670004673,292.06915670004673,292.31938620004803,space,0.24817810021340847,None,292.32017530011944,292.41881016671346,292.7282004998997,292.7156418999657,292.7162842999678,292.7282004998997,292.7282004998997,292.7282004998997,296.6039601000957,90,1,[3.875111799919978],[3.8751423999201506],participant_1,001,2025-11-13_15h09.20.907,Deeya Intentional Binding,,2025.1.1,60.18404280301539,2025-11-13 15h09.38.921727 +0530,
0.4,400,unexp,61,13,3,space,0.4072110000997782,None,90,1,[9.107981200097129],[9.107995599973947],3,13,61,1,296.61884270003065,,296.6044316000771,296.61884270003065,297.6190937999636,297.6190937999636,297.6190937999636,298.035846499959,space,0.4072110000997782,None,298.03668370004743,298.4356295667278,298.7450095000677,298.7340118000284,298.73446900001727,298.7450095000677,298.7450095000677,298.7450095000677,307.85336500010453,90,1,[9.107981200097129],[9.107995599973947],participant_1,001,2025-11-13_15h09.20.907,Deeya Intentional Binding,,2025.1.1,60.18404280301539,2025-11-13 15h09.38.921727 +0530,
0.1,1000,exp,62,14,3,space,0.1131984000094235,None,100,1,[4.194751499919221],[4.194766099797562],3,14,62,6,307.8686331999488,,307.8537040001247,307.8686331999488,308.86857719998807,308.86857719998807,308.86857719998807,308.9860974000767,space,0.1131984000094235,None,308.9870146000758,309.10190976673425,309.4096289000008,309.3986070000101,309.3991235999856,309.4096289000008,309.4096289000008,309.4096289000008,313.6047891001217,100,1,[4.194751499919221],[4.194766099797562],participant_1,001,2025-11-13_15h09.20.907,Deeya Intentional Binding,,2025.1.1,60.18404280301539,2025-11-13 15h09.38.921727 +0530,
0.7,400,unexp,63,15,3,space,0.1424841999541968,None,200,1,[4.439434300176799],[4.439448300050572],3,15,63,2,313.61916529992595,,313.6051264000125,313.61916529992595,314.61914930003695,314.61914930003695,314.61914930003695,314.7701014999766,space,0.1424841999541968,None,314.77110309991986,315.4856879667534,315.79790230002254,315.7885143000167,315.78895780001767,315.79790230002254,315.79790230002254,315.79790230002254,320.2377406999003,200,1,[4.439434300176799],[4.439448300050572],participant_1,001,2025-11-13_15h09.20.907,Deeya Intentional Binding,,2025.1.1,60.18404280301539,2025-11-13 15h09.38.921727 +0530,
0.4,1000,exp,64,0,4,space,0.2987391999922693,None,200,1,[4.775341600179672],[4.775358900194988],4,0,64,4,320.2522668999154,,320.23808840010315,320.2522668999154,321.25213379994966,321.25213379994966,321.25213379994966,321.5527771001216,space,0.2987391999922693,None,321.55374930007383,321.96846316667893,322.2775103999302,322.26531030004844,322.26613379991613,322.2775103999302,322.2775103999302,322.2775103999302,327.05324189993553,200,1,[4.775341600179672],[4.775358900194988],participant_1,001,2025-11-13_15h09.20.907,Deeya Intentional Binding,,2025.1.1,60.18404280301539,2025-11-13 15h09.38.921727 +0530,
0.4,1000,unexp,65,1,4,space,0.10170500003732741,None,300,1,[3.207668300019577],[3.2076832000166178],4,1,65,15,327.068818599917,,327.05358029995114,327.068818599917,328.06888210005127,328.06888210005127,328.06888210005127,328.18567200005054,space,0.10170500003732741,None,328.18660490005277,328.5848150666027,328.89619569992647,328.8860146999359,328.8865656000562,328.89619569992647,328.89619569992647,328.89619569992647,332.1043026999105,300,1,[3.207668300019577],[3.2076832000166178],participant_1,001,2025-11-13_15h09.20.907,Deeya Intentional Binding,,2025.1.1,60.18404280301539,2025-11-13 15h09.38.921727 +0530,
0.1,1000,exp,66,2,4,space,0.4486677998211235,None,100,1,[2.260352399898693],[2.260366699891165],4,2,66,3,332.1187621001154,,332.1046637000982,332.1187621001154,333.11821729992516,333.11821729992516,333.11821729992516,333.56928079994395,space,0.4486677998211235,None,333.5702289000619,333.66880996671193,333.9764900999144,333.96581869991496,333.9665914999787,333.9764900999144,333.9764900999144,333.9764900999144,336.23728629993275,100,1,[2.260352399898693],[2.260366699891165],participant_1,001,2025-11-13_15h09.20.907,Deeya Intentional Binding,,2025.1.1,60.18404280301539,2025-11-13 15h09.38.921727 +0530,
0.1,1000,exp,67,3,4,space,0.31775219994597137,None,10,1,[1.9474998000077903],[1.9475145998876542],4,3,67,9,336.2519954999443,,336.23765660007484,336.2519954999443,337.2521563000046,337.2521563000046,337.2521563000046,337.5864653000608,space,0.31775219994597137,None,337.5875007000286,337.70200586674423,338.0059742999729,337.9961906999815,337.9966853999067,338.0059742999729,338.0059742999729,338.0059742999729,339.95388790010475,10,1,[1.9474998000077903],[1.9475145998876542],participant_1,001,2025-11-13_15h09.20.907,Deeya Intentional Binding,,2025.1.1,60.18404280301539,2025-11-13 15h09.38.921727 +0530,
0.7,1000,exp,68,4,4,space,0.1193310001399368,None,400,1,[1.82426489982754],[1.8242795998230577],4,4,68,11,339.9686388000846,,339.95422190008685,339.9686388000846,340.9679594000336,340.9679594000336,340.9679594000336,341.10287780012004,space,0.1193310001399368,None,341.1041113000829,341.81851726660193,342.1289182000328,342.11851960001513,342.11905930005014,342.1289182000328,342.1289182000328,342.1289182000328,343.9536170999054,400,1,[1.82426489982754],[1.8242795998230577],participant_1,001,2025-11-13_15h09.20.907,Deeya Intentional Binding,,2025.1.1,60.18404280301539,2025-11-13 15h09.38.921727 +0530,
0.4,400,exp,69,5,4,space,0.23483830015175045,None,100,1,[2.94449819996953],[2.9445088000502437],4,5,69,13,343.968466399936,,343.9539969000034,343.968466399936,344.9686356000602,344.9686356000602,344.9686356000602,345.2183763999492,space,0.23483830015175045,None,345.21915580006316,345.6178851666084,345.924213899998,345.91525919991545,345.91572619997896,345.924213899998,345.924213899998,345.924213899998,348.8690442000516,100,1,[2.94449819996953],[2.9445088000502437],participant_1,001,2025-11-13_15h09.20.907,Deeya Intentional Binding,,2025.1.1,60.18404280301539,2025-11-13 15h09.38.921727 +0530,
0.4,400,unexp,70,6,4,space,0.045647599967196584,None,250,1,[6.443654400063679],[6.443671500077471],4,6,70,1,348.8852407000959,,348.8693723999895,348.8852407000959,349.88513580011204,349.88513580011204,349.88513580011204,349.93569550011307,space,0.045647599967196584,None,349.936618299922,350.35119806678654,350.6586736999452,350.64911259990185,350.649797399994,350.6586736999452,350.6586736999452,350.6586736999452,357.1027361000888,250,1,[6.443654400063679],[6.443671500077471],participant_1,001,2025-11-13_15h09.20.907,Deeya Intentional Binding,,2025.1.1,60.18404280301539,2025-11-13 15h09.38.921727 +0530,
0.7,1000,exp,71,7,4,space,0.5281790001317859,None,800,1,[2.5755251001100987],[2.575544400140643],4,7,71,8,357.11782100005075,,357.1030759999994,357.11782100005075,358.1183754999656,358.1183754999656,358.1183754999656,358.6523535999004,space,0.5281790001317859,None,358.6535233000759,359.36816416663737,359.67798799998127,359.66751609998755,359.66802170011215,359.67798799998127,359.67798799998127,359.67798799998127,362.2540313000791,800,1,[2.5755251001100987],[2.575544400140643],participant_1,001,2025-11-13_15h09.20.907,Deeya Intentional Binding,,2025.1.1,60.18404280301539,2025-11-13 15h09.38.921727 +0530,
0.7,1000,exp,72,8,4,space,0.400764400139451,None,900,1,[1.633095599943772],[1.6331075001507998],4,8,72,5,362.2682767000515,,362.254485799931,362.2682767000515,363.2679785999935,363.2679785999935,363.2679785999935,363.68584659998305,space,0.400764400139451,None,363.68666190002114,364.40147886664295,364.7024876999203,364.6951156000141,364.69555480009876,364.7024876999203,364.7024876999203,364.7024876999203,366.3359195999801,900,1,[1.633095599943772],[1.6331075001507998],participant_1,001,2025-11-13_15h09.20.907,Deeya Intentional Binding,,2025.1.1,60.18404280301539,2025-11-13 15h09.38.921727 +0530,
0.1,1000,exp,73,9,4,space,0.20823440002277493,None,100,1,[2.0763481000903994],[2.0765160000883043],4,9,73,6,366.35086870007217,,366.3362394000869,366.35086870007217,367.351425900124,367.351425900124,367.351425900124,367.56821670010686,space,0.20823440002277493,None,367.56910620001145,367.66756286664554,367.9765693999361,367.9650294999592,367.96559179993346,367.9765693999361,367.9765693999361,367.9765693999361,370.05349129997194,100,1,[2.0763481000903994],[2.0765160000883043],participant_1,001,2025-11-13_15h09.20.907,Deeya Intentional Binding,,2025.1.1,60.18404280301539,2025-11-13 15h09.38.921727 +0530,
0.4,1000,exp,74,10,4,space,0.5674437000416219,None,200,1,[2.143679300090298],[2.1436848000157624],4,10,74,7,370.0683327000588,,370.05388980009593,370.0683327000588,371.0674556000158,371.0674556000158,371.0674556000158,371.6510610000696,space,0.5674437000416219,None,371.65169350011274,372.05071456666724,372.3575963000767,372.3492549001239,372.34963640011847,372.3575963000767,372.3575963000767,372.3575963000767,374.5014661999885,200,1,[2.143679300090298],[2.1436848000157624],participant_1,001,2025-11-13_15h09.20.907,Deeya Intentional Binding,,2025.1.1,60.18404280301539,2025-11-13 15h09.38.921727 +0530,
0.7,400,unexp,75,11,4,space,0.2990512999240309,None,700,1,[2.077995999949053],[2.0780045001301914],4,11,75,2,374.51747220009565,,374.5016203999985,374.51747220009565,375.50122270011343,375.50122270011343,375.51791639998555,375.80124710011296,space,0.2990512999240309,None,375.80217200005427,376.5016029666333,376.8069921999704,376.7972701000981,376.7978060999885,376.8069921999704,376.8069921999704,376.8069921999704,378.88526139990427,700,1,[2.077995999949053],[2.0780045001301914],participant_1,001,2025-11-13_15h09.20.907,Deeya Intentional Binding,,2025.1.1,60.18404280301539,2025-11-13 15h09.38.921727 +0530,
0.1,400,exp,76,12,4,space,0.10499090002849698,None,100,1,[1.9249523000326008],[1.9249656000174582],4,12,76,12,378.900613399921,,378.8854841000866,378.900613399921,379.9011288001202,379.9011288001202,379.9011288001202,380.0183683000505,space,0.10499090002849698,None,380.01964890002273,380.1176927667732,380.4269258999266,380.41676479997113,380.4172688999679,380.4269258999266,380.4269258999266,380.4269258999266,382.3522844000254,100,1,[1.9249523000326008],[1.9249656000174582],participant_1,001,2025-11-13_15h09.20.907,Deeya Intentional Binding,,2025.1.1,60.18404280301539,2025-11-13 15h09.38.921727 +0530,
0.4,1000,exp,77,13,4,space,0.024772200034931302,None,100,1,[2.0669458999764174],[2.066955499816686],4,13,77,10,382.3677570000291,,382.35267799999565,382.3677570000291,383.3678091999609,383.3678091999609,383.3678091999609,383.4017803000752,space,0.024772200034931302,None,383.40335240005516,383.80112876656153,384.1011024999898,384.0939515000209,384.09431049996056,384.1011024999898,384.1011024999898,384.1011024999898,386.1683334999252,100,1,[2.0669458999764174],[2.066955499816686],participant_1,001,2025-11-13_15h09.20.907,Deeya Intentional Binding,,2025.1.1,60.18404280301539,2025-11-13 15h09.38.921727 +0530,
0.1,400,unexp,78,14,4,space,0.21490700007416308,None,100,1,[2.5467907001730055],[2.546806000173092],4,14,78,0,386.18401980004273,,386.1686164001003,386.18401980004273,387.18375430000015,387.18375430000015,387.18375430000015,387.40093169989996,space,0.21490700007416308,None,387.4015937000513,387.500765466659,387.80543740000576,387.79422349995,387.7947607000824,387.80543740000576,387.80543740000576,387.80543740000576,390.35273699997924,100,1,[2.5467907001730055],[2.546806000173092],participant_1,001,2025-11-13_15h09.20.907,Deeya Intentional Binding,,2025.1.1,60.18404280301539,2025-11-13 15h09.38.921727 +0530,
0.7,1000,unexp,79,15,4,space,0.2334127000067383,None,100,1,[3.4058630999643356],[3.4058753999415785],4,15,79,14,390.36757149989717,,390.35324340010993,390.36757149989717,391.36798140010796,391.36798140010796,391.36798140010796,391.61754010012373,space,0.2334127000067383,None,391.61840029992163,392.3171503667875,392.62860079994425,392.6182015000377,392.61885019997135,392.62860079994425,392.62860079994425,392.62860079994425,396.0348378000781,100,1,[3.4058630999643356],[3.4058753999415785],participant_1,001,2025-11-13_15h09.20.907,Deeya Intentional Binding,,2025.1.1,60.18404280301539,2025-11-13 15h09.38.921727 +0530,
0.1,1000,exp,80,0,5,space,0.45353589998558164,None,100,1,[2.01158869988285],[2.011598999844864],5,0,80,9,396.05054310010746,,396.0351374000311,396.05054310010746,397.0505830999464,397.0505830999464,397.0505830999464,397.517491400009,space,0.45353589998558164,None,397.5184351000935,397.61683826666945,397.92388699995354,397.91749019990675,397.9178055000957,397.92388699995354,397.92388699995354,397.92388699995354,399.93578430009075,100,1,[2.01158869988285],[2.011598999844864],participant_1,001,2025-11-13_15h09.20.907,Deeya Intentional Binding,,2025.1.1,60.18404280301539,2025-11-13 15h09.38.921727 +0530,
0.1,1000,exp,81,1,5,space,0.22721640020608902,None,100,1,[2.201176500180736],[2.2011844001244754],5,1,81,3,399.9504511000123,,399.93621250009164,399.9504511000123,400.9509475999512,400.9509475999512,400.9509475999512,401.1842120999936,space,0.22721640020608902,None,401.18514030007645,401.283842166715,401.59954269998707,401.58665430010296,401.5875399999786,401.59954269998707,401.59954269998707,401.59954269998707,403.8009977999609,100,1,[2.201176500180736],[2.2011844001244754],participant_1,001,2025-11-13_15h09.20.907,Deeya Intentional Binding,,2025.1.1,60.18404280301539,2025-11-13 15h09.38.921727 +0530,
0.4,1000,exp,82,2,5,space,0.29534709989093244,None,200,1,[4.996398700168356],[4.996405499987304],5,2,82,10,403.8169267999474,,403.80125329992734,403.8169267999474,404.80026419996284,404.80026419996284,404.8168979000766,405.10057169990614,space,0.29534709989093244,None,405.1011135999579,405.50002066657567,405.8041546000168,405.7945888999384,405.79510389990173,405.8041546000168,405.8041546000168,405.8041546000168,410.8008220999036,200,1,[4.996398700168356],[4.996405499987304],participant_1,001,2025-11-13_15h09.20.907,Deeya Intentional Binding,,2025.1.1,60.18404280301539,2025-11-13 15h09.38.921727 +0530,
0.1,400,exp,83,3,5,space,0.06799020012840629,None,10,1,[2.014624600065872],[2.0146385999396443],5,3,83,12,410.81674239994027,,410.8010748999659,410.81674239994027,411.7999752999749,411.7999752999749,411.8168995999731,411.884259799961,space,0.06799020012840629,None,411.88520790007897,411.9835356667793,412.28685000003316,412.27579739992507,412.2763277001213,412.28685000003316,412.28685000003316,412.28685000003316,414.30188639997505,10,1,[2.014624600065872],[2.0146385999396443],participant_1,001,2025-11-13_15h09.20.907,Deeya Intentional Binding,,2025.1.1,60.18404280301539,2025-11-13 15h09.38.921727 +0530,
0.7,1000,exp,84,4,5,space,0.27737609995529056,None,200,1,[4.018097300082445],[4.018109200056642],5,4,84,5,414.3168456000276,,414.30226309993304,414.3168456000276,415.31695459992625,415.31695459992625,415.31695459992625,415.60048300004564,space,0.27737609995529056,None,415.6013629999943,416.30013936671116,416.63651759992354,416.6024434999563,416.6032165000215,416.63651759992354,416.63651759992354,416.63651759992354,420.6550223000813,200,1,[4.018097300082445],[4.018109200056642],participant_1,001,2025-11-13_15h09.20.907,Deeya Intentional Binding,,2025.1.1,60.18404280301539,2025-11-13 15h09.38.921727 +0530,
0.7,1000,exp,85,5,5,space,0.28492880007252097,None,400,1,[1.3996715999674052],[1.399685800075531],5,5,85,11,420.67199730011635,,420.6553794001229,420.67199730011635,421.6548109999858,421.6548109999858,421.6712410999462,421.95394499995746,space,0.28492880007252097,None,421.9545905000996,422.6559251666224,422.97217290010303,422.95802780007944,422.9585724999197,422.97217290010303,422.97217290010303,422.97217290010303,424.37232490000315,400,1,[1.3996715999674052],[1.399685800075531],participant_1,001,2025-11-13_15h09.20.907,Deeya Intentional Binding,,2025.1.1,60.18404280301539,2025-11-13 15h09.38.921727 +0530,
0.7,400,unexp,86,6,5,space,0.220772200031206,None,500,1,[3.2185792999807745],[3.2185952998697758],5,6,86,2,424.38782959990203,,424.3727736999281,424.38782959990203,425.3887489999179,425.3887489999179,425.3887489999179,425.62222269992344,space,0.220772200031206,None,425.62323300004937,426.32216086663925,426.63796130008996,426.62421589996666,426.6248864000663,426.63796130008996,426.63796130008996,426.63796130008996,429.85706680011936,500,1,[3.2185792999807745],[3.2185952998697758],participant_1,001,2025-11-13_15h09.20.907,Deeya Intentional Binding,,2025.1.1,60.18404280301539,2025-11-13 15h09.38.921727 +0530,
0.7,1000,unexp,87,7,5,space,0.8521551999729127,None,600,1,[10.905748400138691],[10.905763100134209],5,7,87,14,429.87097000004724,,429.8574441000819,429.87097000004724,430.8699958999641,430.8699958999641,430.8699958999641,431.7227906000335,space,0.8521551999729127,None,431.723963299999,432.43769926677146,432.749873300083,432.7360286999028,432.7366822999902,432.749873300083,432.749873300083,432.749873300083,443.65608950005844,600,1,[10.905748400138691],[10.905763100134209],participant_1,001,2025-11-13_15h09.20.907,Deeya Intentional Binding,,2025.1.1,60.18404280301539,2025-11-13 15h09.38.921727 +0530,
0.4,400,exp,88,8,5,space,0.08965290011838078,None,300,1,[3.6687443000264466],[3.6687574998941272],5,8,88,13,443.6708947001025,,443.65648510004394,443.6708947001025,444.6711450999137,444.6711450999137,444.6711450999137,444.77150320005603,space,0.08965290011838078,None,444.7725770000834,445.1711144666808,445.4863939001225,445.47374200006016,445.47430710005574,445.4863939001225,445.4863939001225,445.4863939001225,449.15557230007835,300,1,[3.6687443000264466],[3.6687574998941272],participant_1,001,2025-11-13_15h09.20.907,Deeya Intentional Binding,,2025.1.1,60.18404280301539,2025-11-13 15h09.38.921727 +0530,
0.1,1000,exp,89,9,5,space,0.3325738999992609,None,100,1,[2.95926329982467],[2.9592834999784827],5,9,89,6,449.17017870000564,,449.1559252999723,449.17017870000564,450.17135050008073,450.17135050008073,450.17135050008073,450.52048250008374,space,0.3325738999992609,None,450.5212117000483,450.62006406678506,450.9290070999414,450.9143326000776,450.91518309991807,450.9290070999414,450.9290070999414,450.9290070999414,453.8887652999256,100,1,[2.95926329982467],[2.9592834999784827],participant_1,001,2025-11-13_15h09.20.907,Deeya Intentional Binding,,2025.1.1,60.18404280301539,2025-11-13 15h09.38.921727 +0530,
0.4,1000,unexp,90,10,5,space,0.4105875000823289,None,10,1,[3.2748013001400977],[3.2748167999088764],5,10,90,15,453.9041921000462,,453.88941709999926,453.9041921000462,454.90358959999867,454.90358959999867,454.90358959999867,455.3212637999095,space,0.4105875000823289,None,455.3222966999747,455.7210246667421,456.0314982999116,456.01713900011964,456.0181915999856,456.0314982999116,456.0314982999116,456.0314982999116,459.3067781000864,10,1,[3.2748013001400977],[3.2748167999088764],participant_1,001,2025-11-13_15h09.20.907,Deeya Intentional Binding,,2025.1.1,60.18404280301539,2025-11-13 15h09.38.921727 +0530,
0.1,400,unexp,91,11,5,space,0.30803640000522137,None,20,1,[2.2399989999830723],[2.240011100191623],5,11,91,0,459.3207974000834,,459.3072226999793,459.3207974000834,460.3207964000758,460.3207964000758,460.3207964000758,460.6383660999127,space,0.30803640000522137,None,460.6395545001142,460.7533485666538,461.06459599989466,461.0510829000268,461.0520383999683,461.06459599989466,461.06459599989466,461.06459599989466,463.3050661999732,20,1,[2.2399989999830723],[2.240011100191623],participant_1,001,2025-11-13_15h09.20.907,Deeya Intentional Binding,,2025.1.1,60.18404280301539,2025-11-13 15h09.38.921727 +0530,
0.4,400,unexp,92,12,5,space,0.028004799969494343,None,20,1,[1.4333254001103342],[1.433338199974969],5,12,92,1,463.32098509999923,,463.30537170008756,463.32098509999923,464.3210579000879,464.3210579000879,464.3210579000879,464.35456099989824,space,0.028004799969494343,None,464.3556250000838,464.75518076663525,465.07181009999476,465.05795970000327,465.0585483999457,465.07181009999476,465.07181009999476,465.07181009999476,466.5055778999813,20,1,[1.4333254001103342],[1.433338199974969],participant_1,001,2025-11-13_15h09.20.907,Deeya Intentional Binding,,2025.1.1,60.18404280301539,2025-11-13 15h09.38.921727 +0530,
0.7,1000,exp,93,13,5,space,0.28107360005378723,None,300,1,[2.4081786000169814],[2.408193200128153],5,13,93,8,466.520385999931,,466.5059352000244,466.520385999931,467.52129780012183,467.52129780012183,467.52129780012183,467.8042995999567,space,0.28107360005378723,None,467.8053653999232,468.5201939666333,468.830526500009,468.8169639001135,468.8177048000507,468.830526500009,468.830526500009,468.830526500009,471.2391480000224,300,1,[2.4081786000169814],[2.408193200128153],participant_1,001,2025-11-13_15h09.20.907,Deeya Intentional Binding,,2025.1.1,60.18404280301539,2025-11-13 15h09.38.921727 +0530,
0.4,1000,exp,94,14,5,space,0.2618042000103742,None,400,1,[2.4077486998867244],[2.407763599883765],5,14,94,4,471.25371819990687,,471.2395238999743,471.25371819990687,472.25349220004864,472.25349220004864,472.25349220004864,472.5204588000197,space,0.2618042000103742,None,472.5213808999397,472.9199727667185,473.2295266999863,473.21582680009305,473.2164402001072,473.2295266999863,473.2295266999863,473.2295266999863,475.6377588000614,400,1,[2.4077486998867244],[2.407763599883765],participant_1,001,2025-11-13_15h09.20.907,Deeya Intentional Binding,,2025.1.1,60.18404280301539,2025-11-13 15h09.38.921727 +0530,
0.4,1000,exp,95,15,5,space,0.8981792000122368,None,10,1,[3.4537277000490576],[3.4537460999563336],5,15,95,7,475.6539791999385,,475.63816490001045,475.6539791999385,476.6538567999378,476.6538567999378,476.6538567999378,477.55351769994013,space,0.8981792000122368,None,477.5544716999866,477.9541222665614,478.2674281001091,478.2543496999424,478.2549765999429,478.2674281001091,478.2674281001091,478.2674281001091,481.7216729000211,10,1,[3.4537277000490576],[3.4537460999563336],participant_1,001,2025-11-13_15h09.20.907,Deeya Intentional Binding,,2025.1.1,60.18404280301539,2025-11-13 15h09.38.921727 +0530,
0.4,400,exp,96,0,6,space,0.3380426000803709,None,10,1,[3.091984799830243],[3.092000999953598],6,0,96,13,481.73740280000493,,481.722078199964,481.73740280000493,482.7198554999195,482.7198554999195,482.73682680004276,483.0705184000544,space,0.3380426000803709,None,483.0714755000081,483.4697408667455,483.78050239989534,483.76571720000356,483.7663374999538,483.78050239989534,483.78050239989534,483.78050239989534,486.87299480009824,10,1,[3.091984799830243],[3.092000999953598],participant_1,001,2025-11-13_15h09.20.907,Deeya Intentional Binding,,2025.1.1,60.18404280301539,2025-11-13 15h09.38.921727 +0530,
0.4,1000,exp,97,1,6,space,0.294951600022614,None,200,1,[2.2027384999673814],[2.2027537000831217],6,1,97,10,486.88673570007086,,486.87345660012215,486.88673570007086,487.88767520012334,487.88767520012334,487.88767520012334,488.1884508000221,space,0.294951600022614,None,488.18980429996736,488.6038960666085,488.9190489000175,488.90515600005165,488.90574950003065,488.9190489000175,488.9190489000175,488.9190489000175,491.12224130006507,200,1,[2.2027384999673814],[2.2027537000831217],participant_1,001,2025-11-13_15h09.20.907,Deeya Intentional Binding,,2025.1.1,60.18404280301539,2025-11-13 15h09.38.921727 +0530,
0.7,400,unexp,98,2,6,space,0.10817779996432364,None,100,1,[2.790571799967438],[2.790585899958387],6,2,98,2,491.13691530004144,,491.1226075999439,491.13691530004144,492.138034200063,492.138034200063,492.138034200063,492.2544195000082,space,0.10817779996432364,None,492.2554134998936,492.96956456668363,493.28106869990006,493.2673708999064,493.26974639995024,493.28106869990006,493.28106869990006,493.28106869990006,496.07214879989624,100,1,[2.790571799967438],[2.790585899958387],participant_1,001,2025-11-13_15h09.20.907,Deeya Intentional Binding,,2025.1.1,60.18404280301539,2025-11-13 15h09.38.921727 +0530,
0.4,1000,exp,99,3,6,space,0.030524899950250983,None,10,1,[2.788424100028351],[2.7884396999143064],6,3,99,7,496.0859080001246,,496.07256070012227,496.0859080001246,497.0872607000638,497.0872607000638,497.0872607000638,497.121581699932,space,0.030524899950250983,None,497.123066799948,497.53656686662384,497.84911839989945,497.83602820010856,497.8370135000441,497.84911839989945,497.84911839989945,497.84911839989945,500.63801070000045,10,1,[2.788424100028351],[2.7884396999143064],participant_1,001,2025-11-13_15h09.20.907,Deeya Intentional Binding,,2025.1.1,60.18404280301539,2025-11-13 15h09.38.921727 +0530,
0.1,1000,exp,100,4,6,space,0.29600770003162324,None,10,1,[1.6086623000446707],[1.608676299918443],6,4,100,9,500.6533186000306,,500.6384119000286,500.6533186000306,501.6534466999583,501.6534466999583,501.67035409994423,501.9550330999773,space,0.29600770003162324,None,501.956099800067,502.0694906665633,502.3780429000035,502.36448240000755,502.3652741999831,502.3780429000035,502.3780429000035,502.3780429000035,503.9871451999061,10,1,[1.6086623000446707],[1.608676299918443],participant_1,001,2025-11-13_15h09.20.907,Deeya Intentional Binding,,2025.1.1,60.18404280301539,2025-11-13 15h09.38.921727 +0530,
0.1,400,unexp,101,5,6,space,0.2995781998615712,None,10,1,[2.373983300058171],[2.373997600050643],6,5,101,0,504.00239229993895,,503.98754159989767,504.00239229993895,505.0031471999828,505.0031471999828,505.0031471999828,505.30530190002173,space,0.2995781998615712,None,505.3062940000091,505.419925966595,505.7305264000315,505.7170343999751,505.71775069995783,505.7305264000315,505.7305264000315,505.7305264000315,508.1050092999358,10,1,[2.373983300058171],[2.373997600050643],participant_1,001,2025-11-13_15h09.20.907,Deeya Intentional Binding,,2025.1.1,60.18404280301539,2025-11-13 15h09.38.921727 +0530,
0.7,1000,unexp,102,6,6,space,0.42821609997190535,None,200,1,[1.7055290997959673],[1.7055410000029951],6,6,102,14,508.1190287999343,,508.10537860007025,508.1190287999343,509.12033560010605,509.12033560010605,509.12033560010605,509.5547587000765,space,0.42821609997190535,None,509.55587620008737,510.2700206665943,510.58114599995315,510.5662158001214,510.5669428999536,510.58114599995315,510.58114599995315,510.58114599995315,512.2870875000954,200,1,[1.7055290997959673],[1.7055410000029951],participant_1,001,2025-11-13_15h09.20.907,Deeya Intentional Binding,,2025.1.1,60.18404280301539,2025-11-13 15h09.38.921727 +0530,
0.7,1000,exp,103,7,6,space,0.202852200018242,None,200,1,[7.999840199947357],[7.999855299945921],6,7,103,5,512.3032114000525,,512.287443399895,512.3032114000525,513.3037831000984,513.3037831000984,513.3037831000984,513.5204408999998,space,0.202852200018242,None,513.5215884000063,514.220206266564,514.5375739000738,514.5211847999599,514.5220198000316,514.5375739000738,514.5375739000738,514.5375739000738,522.5379123000894,200,1,[7.999840199947357],[7.999855299945921],participant_1,001,2025-11-13_15h09.20.907,Deeya Intentional Binding,,2025.1.1,60.18404280301539,2025-11-13 15h09.38.921727 +0530,
0.1,1000,exp,104,8,6,space,0.12977649993263185,None,10,1,[3.3282536000479013],[3.328262000111863],6,8,104,6,522.5533430001233,,522.5385493999347,522.5533430001233,523.5522763000336,523.5522763000336,523.5681906000245,523.685935900081,space,0.12977649993263185,None,523.6866444000043,523.8020561666383,524.1096312000882,524.097063299967,524.0975442000199,524.1096312000882,524.1096312000882,524.1096312000882,527.4381917000283,10,1,[3.3282536000479013],[3.328262000111863],participant_1,001,2025-11-13_15h09.20.907,Deeya Intentional Binding,,2025.1.1,60.18404280301539,2025-11-13 15h09.38.921727 +0530,
0.4,400,unexp,105,9,6,space,0.7973849000409245,None,100,1,[5.016088499920443],[5.016104500042275],6,9,105,1,527.4512893999927,,527.4384129999671,527.4512893999927,528.4518192999531,528.4518192999531,528.4518192999531,529.2536259999033,space,0.7973849000409245,None,529.2551529000048,529.6685204667194,529.971691600047,529.9636578999925,529.9640067999717,529.971691600047,529.971691600047,529.971691600047,534.9882672000676,100,1,[5.016088499920443],[5.016104500042275],participant_1,001,2025-11-13_15h09.20.907,Deeya Intentional Binding,,2025.1.1,60.18404280301539,2025-11-13 15h09.38.921727 +0530,
0.7,1000,exp,106,10,6,space,0.022690899902954698,None,600,1,[2.5747382000554353],[2.574745299993083],6,10,106,11,535.002935100114,,534.9887530999258,535.002935100114,536.003596900031,536.003596900031,536.003596900031,536.0380700000096,space,0.022690899902954698,None,536.0394075999502,536.7541225667267,537.0605981000699,537.0463606000412,537.047275400022,537.0605981000699,537.0605981000699,537.0605981000699,539.6356349000707,600,1,[2.5747382000554353],[2.574745299993083],participant_1,001,2025-11-13_15h09.20.907,Deeya Intentional Binding,,2025.1.1,60.18404280301539,2025-11-13 15h09.38.921727 +0530,
0.7,1000,exp,107,11,6,space,0.3299936999101192,None,700,1,[2.9576176998671144],[2.957636500010267],6,11,107,8,539.6514330001082,,539.6358330000658,539.6514330001082,540.637016300112,540.637016300112,540.6528714001179,540.9695224000607,space,0.3299936999101192,None,540.9705564999022,541.6696187665841,541.9806914001238,541.9674893000629,541.9681754999328,541.9806914001238,541.9806914001238,541.9806914001238,544.938825600082,700,1,[2.9576176998671144],[2.957636500010267],participant_1,001,2025-11-13_15h09.20.907,Deeya Intentional Binding,,2025.1.1,60.18404280301539,2025-11-13 15h09.38.921727 +0530,
0.4,1000,exp,108,12,6,space,0.1820237000938505,None,200,1,[2.2272179001010954],[2.2272302000783384],6,12,108,4,544.952386500081,,544.9392848000862,544.952386500081,545.9528095000423,545.9528095000423,545.9528095000423,546.1386796999723,space,0.1820237000938505,None,546.1398569999728,546.5533081666256,546.8595728999935,546.8462016000412,546.8467957999092,546.8595728999935,546.8595728999935,546.8595728999935,549.0871876999736,200,1,[2.2272179001010954],[2.2272302000783384],participant_1,001,2025-11-13_15h09.20.907,Deeya Intentional Binding,,2025.1.1,60.18404280301539,2025-11-13 15h09.38.921727 +0530,
0.1,1000,exp,109,13,6,space,0.34617110015824437,None,100,1,[2.023244099924341],[2.023254199884832],6,13,109,3,549.1017776001245,,549.0875212999526,549.1017776001245,550.1011775000952,550.1011775000952,550.1011775000952,550.4542743000202,space,0.34617110015824437,None,550.4552704999223,550.5690892667665,550.8801955000963,550.8653917999472,550.8661629999988,550.8801955000963,550.8801955000963,550.8801955000963,552.9038001999725,100,1,[2.023244099924341],[2.023254199884832],participant_1,001,2025-11-13_15h09.20.907,Deeya Intentional Binding,,2025.1.1,60.18404280301539,2025-11-13 15h09.38.921727 +0530,
0.1,400,exp,110,14,6,space,0.5454178999643773,None,10,1,[2.6980086001567543],[2.6980165001004934],6,14,110,12,552.9178895999212,,552.904066399904,552.9178895999212,553.919542199932,553.919542199932,553.919542199932,554.4707736000419,space,0.5454178999643773,None,554.471782800043,554.586178166621,554.8874152000062,554.8741266999859,554.874723300105,554.8874152000062,554.8874152000062,554.8874152000062,557.5857347000856,10,1,[2.6980086001567543],[2.6980165001004934],participant_1,001,2025-11-13_15h09.20.907,Deeya Intentional Binding,,2025.1.1,60.18404280301539,2025-11-13 15h09.38.921727 +0530,
0.4,1000,unexp,111,15,6,space,0.8461669001262635,None,10,1,[8.987846000120044],[8.987861200002953],6,15,111,15,557.6013873999473,,557.5861001999583,557.6013873999473,558.5848495000973,558.5848495000973,558.6031404999085,559.4384131000843,space,0.8461669001262635,None,559.4395880999509,559.8526346667825,560.1662733000703,560.1537236000877,560.1542853000574,560.1662733000703,560.1662733000703,560.1662733000703,569.1545561000239,10,1,[8.987846000120044],[8.987861200002953],participant_1,001,2025-11-13_15h09.20.907,Deeya Intentional Binding,,2025.1.1,60.18404280301539,2025-11-13 15h09.38.921727 +0530,
0.1,400,exp,112,0,7,space,0.2663495000451803,None,19,1,[2.8042297000065446],[2.8042442000005394],7,0,112,12,569.1691986001097,,569.1549341999926,569.1691986001097,570.1681590001099,570.1681590001099,570.186211500084,570.4384951000102,space,0.2663495000451803,None,570.4397899000905,570.5523886667254,570.8660804000683,570.8535325000994,570.8541037999094,570.8660804000683,570.8660804000683,570.8660804000683,573.6707568001002,19,1,[2.8042297000065446],[2.8042442000005394],participant_1,001,2025-11-13_15h09.20.907,Deeya Intentional Binding,,2025.1.1,60.18404280301539,2025-11-13 15h09.38.921727 +0530,
0.7,1000,exp,113,1,7,space,0.31556149991229177,None,300,1,[2.969246100168675],[2.9692603000439703],7,1,113,5,573.6855590001214,,573.6711287000217,573.6855590001214,574.6857914999127,574.6857914999127,574.7009511000942,575.0034507999662,space,0.31556149991229177,None,575.0044591000769,575.7030731666057,576.016199799953,576.0036738000344,576.0043637999333,576.016199799953,576.016199799953,576.016199799953,578.9859188001137,300,1,[2.969246100168675],[2.9692603000439703],participant_1,001,2025-11-13_15h09.20.907,Deeya Intentional Binding,,2025.1.1,60.18404280301539,2025-11-13 15h09.38.921727 +0530,
0.1,1000,exp,114,2,7,space,0.252384299878031,None,10,1,[6.087982499971986],[6.0879913999233395],7,2,114,6,579.0019970999565,,578.9863402000628,579.0019970999565,579.9849857999943,579.9849857999943,580.0023886999115,580.252873999998,space,0.252384299878031,None,580.2541213000659,580.3522721666998,580.6632000000682,580.6471595999319,580.6477957000025,580.6632000000682,580.6632000000682,580.6632000000682,586.7515173000284,10,1,[6.087982499971986],[6.0879913999233395],participant_1,001,2025-11-13_15h09.20.907,Deeya Intentional Binding,,2025.1.1,60.18404280301539,2025-11-13 15h09.38.921727 +0530,
0.4,400,exp,115,3,7,space,0.2941720001399517,None,250,1,[3.5223171000834554],[3.5223310000728816],7,3,115,13,586.7676117001101,,586.7517862999812,586.7676117001101,587.7525241998956,587.7525241998956,587.7686827001162,588.0525525999255,space,0.2941720001399517,None,588.0539132000413,588.4678539666968,588.7817701001186,588.7681503000204,588.7687429999933,588.7817701001186,588.7817701001186,588.7817701001186,592.3045570999384,250,1,[3.5223171000834554],[3.5223310000728816],participant_1,001,2025-11-13_15h09.20.907,Deeya Intentional Binding,,2025.1.1,60.18404280301539,2025-11-13 15h09.38.921727 +0530,
0.7,1000,exp,116,4,7,space,0.09548279992304742,None,100,1,[9.668249600101262],[9.668261000188068],7,4,116,8,592.3185978000984,,592.3049002999905,592.3185978000984,593.3191174000967,593.3191174000967,593.3191174000967,593.4201615999918,space,0.09548279992304742,None,593.4213425000198,594.1355705666977,594.4500049001072,594.4367764999624,594.4373800999019,594.4500049001072,594.4500049001072,594.4500049001072,604.1186174999457,100,1,[9.668249600101262],[9.668261000188068],participant_1,001,2025-11-13_15h09.20.907,Deeya Intentional Binding,,2025.1.1,60.18404280301539,2025-11-13 15h09.38.921727 +0530,
0.7,1000,unexp,117,5,7,space,2.118250399827957,None,400,1,[3.8059473000466824],[3.8059594999067485],7,5,117,14,604.1340874999296,,604.1189256000798,604.1340874999296,605.1338986000046,605.1338986000046,605.1338986000046,607.2672242999543,space,2.118250399827957,None,607.2677255000453,607.9670409665598,608.279196199961,608.2662261000369,608.2668940001167,608.279196199961,608.279196199961,608.279196199961,612.0855872000102,400,1,[3.8059473000466824],[3.8059594999067485],participant_1,001,2025-11-13_15h09.20.907,Deeya Intentional Binding,,2025.1.1,60.18404280301539,2025-11-13 15h09.38.921727 +0530,
0.1,400,unexp,118,6,7,space,0.5159595999866724,None,10,1,[2.874426499940455],[2.874440399929881],7,6,118,0,612.1008754000068,,612.0859789999668,612.1008754000068,613.1007481999695,613.1007481999695,613.1007481999695,613.6173145999201,space,0.5159595999866724,None,613.6178369000554,613.7167258666052,614.0281120999716,614.0173327999655,614.0177682999056,614.0281120999716,614.0281120999716,614.0281120999716,616.903003100073,10,1,[2.874426499940455],[2.874440399929881],participant_1,001,2025-11-13_15h09.20.907,Deeya Intentional Binding,,2025.1.1,60.18404280301539,2025-11-13 15h09.38.921727 +0530,
0.7,1000,exp,119,7,7,space,0.011934000067412853,None,900,1,[6.562908999854699],[6.562922999961302],7,7,119,11,616.9172829000745,,616.903385499958,616.9172829000745,617.9170711999759,617.9170711999759,617.9170711999759,617.9344095999841,space,0.011934000067412853,None,617.9350338999648,618.6334839666417,618.9393903999589,618.9303282001056,618.9310842999257,618.9393903999589,618.9393903999589,618.9393903999589,625.5028971000575,900,1,[6.562908999854699],[6.562922999961302],participant_1,001,2025-11-13_15h09.20.907,Deeya Intentional Binding,,2025.1.1,60.18404280301539,2025-11-13 15h09.38.921727 +0530,
0.1,1000,exp,120,8,7,space,0.27968710009008646,None,10,1,[2.2466210999991745],[2.246634399984032],7,8,120,9,625.5169410998933,,625.5033346000127,625.5169410998933,626.516520800069,626.516520800069,626.516520800069,626.8000332000665,space,0.27968710009008646,None,626.8007114001084,626.8996968665781,627.2056950000115,627.1952263999265,627.1957322999369,627.2056950000115,627.2056950000115,627.2056950000115,629.4529178999364,10,1,[2.2466210999991745],[2.246634399984032],participant_1,001,2025-11-13_15h09.20.907,Deeya Intentional Binding,,2025.1.1,60.18404280301539,2025-11-13 15h09.38.921727 +0530,
0.4,1000,exp,121,9,7,space,0.23870190000161529,None,400,1,[5.915183000033721],[5.9151964001357555],7,9,121,4,629.4673601000104,,629.4532643998973,629.4673601000104,630.467113800114,630.467113800114,630.467113800114,630.7177907000296,space,0.23870190000161529,None,630.7187705000397,631.1336625666047,631.4530831000302,631.4331795999315,631.4338883000892,631.4530831000302,631.4530831000302,631.4530831000302,637.36873560003,400,1,[5.915183000033721],[5.9151964001357555],participant_1,001,2025-11-13_15h09.20.907,Deeya Intentional Binding,,2025.1.1,60.18404280301539,2025-11-13 15h09.38.921727 +0530,
0.1,1000,exp,122,10,7,space,0.4726482001133263,None,200,1,[3.0975456999149173],[3.0975620998069644],7,10,122,3,637.3846543999389,,637.3691169000231,637.3846543999389,638.3837921000086,638.3837921000086,638.3837921000086,638.8677493999712,space,0.4726482001133263,None,638.8682339999359,638.9670095667864,639.2731017000042,639.2641420001164,639.264692200115,639.2731017000042,639.2731017000042,639.2731017000042,642.3711357000284,200,1,[3.0975456999149173],[3.0975620998069644],participant_1,001,2025-11-13_15h09.20.907,Deeya Intentional Binding,,2025.1.1,60.18404280301539,2025-11-13 15h09.38.921727 +0530,
0.4,400,unexp,123,11,7,space,0.1694954999256879,None,300,1,[2.2709070001728833],[2.2709212000481784],7,11,123,1,642.3839761000127,,642.3715367999393,642.3839761000127,643.3833041999023,643.3833041999023,643.3833041999023,643.5676760999486,space,0.1694954999256879,None,643.5687846001238,643.9671131666439,644.281706900103,644.2680343999527,644.2686391999014,644.281706900103,644.281706900103,644.281706900103,646.5530370001215,300,1,[2.2709070001728833],[2.2709212000481784],participant_1,001,2025-11-13_15h09.20.907,Deeya Intentional Binding,,2025.1.1,60.18404280301539,2025-11-13 15h09.38.921727 +0530,
0.4,1000,exp,124,12,7,space,0.21087940013967454,None,30,1,[3.6228662999346852],[3.622878700029105],7,12,124,10,646.5670151000377,,646.5534254000522,646.5670151000377,647.5672750000376,647.5672750000376,647.5672750000376,647.7844921001233,space,0.21087940013967454,None,647.7856753999367,648.2001226666073,648.5111255999655,648.4982040999457,648.4986876999028,648.5111255999655,648.5111255999655,648.5111255999655,652.1344546999317,30,1,[3.6228662999346852],[3.622878700029105],participant_1,001,2025-11-13_15h09.20.907,Deeya Intentional Binding,,2025.1.1,60.18404280301539,2025-11-13 15h09.38.921727 +0530,
0.4,1000,exp,125,13,7,space,0.18940400006249547,None,90,1,[3.0889109999407083],[3.0889185001142323],7,13,125,7,652.1505054999143,,652.1348651999142,652.1505054999143,653.1498092000838,653.1498092000838,653.1498092000838,653.3513362999074,space,0.18940400006249547,None,653.3529338999651,653.7667288666746,654.0785771999508,654.0646957999561,654.0653333999217,654.0785771999508,654.0785771999508,654.0785771999508,657.167789600091,90,1,[3.0889109999407083],[3.0889185001142323],participant_1,001,2025-11-13_15h09.20.907,Deeya Intentional Binding,,2025.1.1,60.18404280301539,2025-11-13 15h09.38.921727 +0530,
0.7,400,unexp,126,14,7,space,0.26267329999245703,None,600,1,[3.3077815999276936],[3.3077994999475777],7,14,126,2,657.1829697999638,,657.1680022999644,657.1829697999638,658.1831010000315,658.1831010000315,658.1831010000315,658.4511273000389,space,0.26267329999245703,None,658.4521824000403,659.1504308665792,659.4597124999855,659.4458940001205,659.4464048999362,659.4597124999855,659.4597124999855,659.4597124999855,662.7680257000029,600,1,[3.3077815999276936],[3.3077994999475777],participant_1,001,2025-11-13_15h09.20.907,Deeya Intentional Binding,,2025.1.1,60.18404280301539,2025-11-13 15h09.38.921727 +0530,
0.4,1000,unexp,127,15,7,space,0.3202925000805408,None,700,1,[3.2045444999821484],[3.2045601001009345],7,15,127,15,662.7836402000394,,662.7683810000308,662.7836402000394,663.7828514000867,663.7828514000867,663.7828514000867,664.1186907000374,space,0.3202925000805408,None,664.1198501000181,664.53465706675,664.864148600027,664.8382238999475,664.8388451999053,664.864148600027,664.864148600027,664.864148600027,668.0691402000375,700,1,[3.2045444999821484],[3.2045601001009345],participant_1,001,2025-11-13_15h09.20.907,Deeya Intentional Binding,,2025.1.1,60.18404280301539,2025-11-13 15h09.38.921727 +0530,
0.7,1000,exp,128,0,8,space,0.13658139994367957,None,800,1,[4.503865499980748],[4.503880999982357],8,0,128,11,668.0836789000314,,668.0695094999392,668.0836789000314,669.0841586999595,669.0841586999595,669.0841586999595,669.2337784001138,space,0.13658139994367957,None,669.2347107999958,669.9341657667576,670.2482489999384,670.2357958999928,670.236347500002,670.2482489999384,670.2482489999384,670.2482489999384,674.7526414999738,800,1,[4.503865499980748],[4.503880999982357],participant_1,001,2025-11-13_15h09.20.907,Deeya Intentional Binding,,2025.1.1,60.18404280301539,2025-11-13 15h09.38.921727 +0530,
0.4,400,unexp,129,1,8,space,0.13632039981894195,None,200,1,[3.754254800034687],[3.754264699993655],8,1,129,1,674.7668316001073,,674.7531320000999,674.7668316001073,675.7669412000105,675.7669412000105,675.7669412000105,675.9166957999114,space,0.13632039981894195,None,675.9173294999637,676.3168792667022,676.6285453999881,676.6143249000888,676.6151074999943,676.6285453999881,676.6285453999881,676.6285453999881,680.3831986999139,200,1,[3.754254800034687],[3.754264699993655],participant_1,001,2025-11-13_15h09.20.907,Deeya Intentional Binding,,2025.1.1,60.18404280301539,2025-11-13 15h09.38.921727 +0530,
0.7,1000,exp,130,2,8,space,0.3299447998870164,None,400,1,[2.4862666002009064],[2.486282000085339],8,2,130,5,680.3990927000996,,680.3834563000128,680.3990927000996,681.3836805000901,681.3836805000901,681.4002477000467,681.7173711999785,space,0.3299447998870164,None,681.7184792999178,682.4173716665866,682.7316904999316,682.7178589000832,682.7184580001049,682.7316904999316,682.7316904999316,682.7316904999316,685.2184780999087,400,1,[2.4862666002009064],[2.486282000085339],participant_1,001,2025-11-13_15h09.20.907,Deeya Intentional Binding,,2025.1.1,60.18404280301539,2025-11-13 15h09.38.921727 +0530,
0.1,1000,exp,131,3,8,space,0.41772600007243454,None,100,1,[3.005026599857956],[3.0050439999904484],8,3,131,6,685.2330285999924,,685.2189112999476,685.2330285999924,686.2342280999292,686.2342280999292,686.2342280999292,686.6679452999961,space,0.41772600007243454,None,686.6691153000575,686.7839232667504,687.0966215999797,687.0848018999677,687.0854281999636,687.0966215999797,687.0966215999797,687.0966215999797,690.1021439000033,100,1,[3.005026599857956],[3.0050439999904484],participant_1,001,2025-11-13_15h09.20.907,Deeya Intentional Binding,,2025.1.1,60.18404280301539,2025-11-13 15h09.38.921727 +0530,
0.7,400,unexp,132,4,8,space,0.462188099976629,None,200,1,[2.8183538001030684],[2.8183741001412272],8,4,132,2,690.1175172999501,,690.1025137999095,690.1175172999501,691.1159117000643,691.1159117000643,691.1159117000643,691.5842945000622,space,0.462188099976629,None,691.585352800088,692.2841751666895,692.5988394001033,692.5872532001231,692.58758520009,692.5988394001033,692.5988394001033,692.5988394001033,695.4176745999139,200,1,[2.8183538001030684],[2.8183741001412272],participant_1,001,2025-11-13_15h09.20.907,Deeya Intentional Binding,,2025.1.1,60.18404280301539,2025-11-13 15h09.38.921727 +0530,
0.1,1000,exp,133,5,8,space,0.6791838000062853,None,10 ,1,[3.7434638999402523],[3.7434797999449074],8,5,133,9,695.4330243999138,,695.4180894999299,695.4330243999138,696.433235600125,696.433235600125,696.433235600125,697.1163810000289,space,0.6791838000062853,None,697.1173872000072,697.2158236667203,697.5251275999472,697.5139097999781,697.5144263000693,697.5251275999472,697.5251275999472,697.5251275999472,701.2690842999145,10 ,1,[3.7434638999402523],[3.7434797999449074],participant_1,001,2025-11-13_15h09.20.907,Deeya Intentional Binding,,2025.1.1,60.18404280301539,2025-11-13 15h09.38.921727 +0530,
0.4,400,exp,134,6,8,space,0.22903979988768697,None,300,1,[2.3048378999810666],[2.3048517999704927],8,6,134,13,701.2833157998975,,701.2694657999091,701.2833157998975,702.28294309997,702.28294309997,702.28294309997,702.5160765999462,space,0.22903979988768697,None,702.5167652000673,702.9159764666731,703.23071049992,703.2177911000326,703.2183062001131,703.23071049992,703.23071049992,703.23071049992,705.535980500048,300,1,[2.3048378999810666],[2.3048517999704927],participant_1,001,2025-11-13_15h09.20.907,Deeya Intentional Binding,,2025.1.1,60.18404280301539,2025-11-13 15h09.38.921727 +0530,
0.1,1000,exp,135,7,8,space,0.23334289994090796,None,10,1,[1.983809500001371],[1.9838163000531495],8,7,135,3,705.5491390000097,,705.5363431998994,705.5491390000097,706.5495754000731,706.5495754000731,706.5495754000731,706.7841884000227,space,0.23334289994090796,None,706.7854587999173,706.8835051665703,707.1991634999868,707.1853026999161,707.18591260002,707.1991634999868,707.1991634999868,707.1991634999868,709.1832457999699,10,1,[1.983809500001371],[1.9838163000531495],participant_1,001,2025-11-13_15h09.20.907,Deeya Intentional Binding,,2025.1.1,60.18404280301539,2025-11-13 15h09.38.921727 +0530,
0.1,400,unexp,136,8,8,space,0.22893509990535676,None,10,1,[2.3058704999275506],[2.3058970998972654],8,8,136,0,709.1982988000382,,709.1834424999543,709.1982988000382,710.182900799904,710.182900799904,710.1993054000195,710.4175464999862,space,0.22893509990535676,None,710.4187064000871,710.5168691666952,710.8288453998975,710.816661400022,710.8172699999996,710.8288453998975,710.8288453998975,710.8288453998975,713.1351948000956,10,1,[2.3058704999275506],[2.3058970998972654],participant_1,001,2025-11-13_15h09.20.907,Deeya Intentional Binding,,2025.1.1,60.18404280301539,2025-11-13 15h09.38.921727 +0530,
0.4,1000,unexp,137,9,8,space,0.22033139993436635,None,200,1,[5.855962099973112],[5.855982200009748],8,9,137,15,713.1491527999751,,713.1355936999898,713.1491527999751,714.1501499000005,714.1501499000005,714.1501499000005,714.3843869999982,space,0.22033139993436635,None,714.3857450999785,714.7999795666585,715.1107004000805,715.0969758001156,715.0979019000661,715.1107004000805,715.1107004000805,715.1107004000805,720.9672407000326,200,1,[5.855962099973112],[5.855982200009748],participant_1,001,2025-11-13_15h09.20.907,Deeya Intentional Binding,,2025.1.1,60.18404280301539,2025-11-13 15h09.38.921727 +0530,
0.7,1000,unexp,138,10,8,space,0.6486810001078993,None,10,1,[3.4665589001961052],[3.466569700045511],8,10,138,14,720.9828109999653,,720.9677105001174,720.9828109999653,721.9831463999581,721.9831463999581,721.9831463999581,722.6338214999996,space,0.6486810001078993,None,722.6348369999323,723.3331623667075,723.6503963998985,723.6374222000595,723.6380561999977,723.6503963998985,723.6503963998985,723.6503963998985,727.117356200004,10,1,[3.4665589001961052],[3.466569700045511],participant_1,001,2025-11-13_15h09.20.907,Deeya Intentional Binding,,2025.1.1,60.18404280301539,2025-11-13 15h09.38.921727 +0530,
0.4,1000,exp,139,11,8,space,0.7174397998023778,None,10,1,[2.8706191000528634],[2.870626099873334],8,11,139,10,727.1329427999444,,727.1176821999252,727.1329427999444,728.1167528999504,728.1167528999504,728.1329687999096,728.8503590999171,space,0.7174397998023778,None,728.8513998000417,729.2495599666765,729.5617955999915,729.5475796000101,729.5483033000492,729.5617955999915,729.5617955999915,729.5617955999915,732.4326931999531,10,1,[2.8706191000528634],[2.870626099873334],participant_1,001,2025-11-13_15h09.20.907,Deeya Intentional Binding,,2025.1.1,60.18404280301539,2025-11-13 15h09.38.921727 +0530,
0.4,1000,exp,140,12,8,space,0.9979054001159966,None,200,1,[2.268715900136158],[2.268728200113401],8,12,140,4,732.4479044999462,,732.4329113001004,732.4479044999462,733.4329246000852,733.4329246000852,733.4489603999536,734.4322470999323,space,0.9979054001159966,None,734.4329586001113,734.8325384667298,735.1470784998965,735.1344920000993,735.1351169000845,735.1470784998965,735.1470784998965,735.1470784998965,737.4162214999087,200,1,[2.268715900136158],[2.268728200113401],participant_1,001,2025-11-13_15h09.20.907,Deeya Intentional Binding,,2025.1.1,60.18404280301539,2025-11-13 15h09.38.921727 +0530,
0.7,1000,exp,141,13,8,space,0.08469889988191426,None,200,1,[4.354226800147444],[4.354239700129256],8,13,141,8,737.4324636000674,,737.4166045000311,737.4324636000674,738.4160124999471,738.4160124999471,738.4328966999892,738.5169611999299,space,0.08469889988191426,None,738.5181309999898,739.2316686667657,739.5457979999483,739.5334997999016,739.5340966000222,739.5457979999483,739.5457979999483,739.5457979999483,743.900456200121,200,1,[4.354226800147444],[4.354239700129256],participant_1,001,2025-11-13_15h09.20.907,Deeya Intentional Binding,,2025.1.1,60.18404280301539,2025-11-13 15h09.38.921727 +0530,
0.4,1000,exp,142,14,8,space,0.4347545001655817,None,200,1,[2.2693435000255704],[2.269360200036317],8,14,142,7,743.9160706999246,,743.9008118999191,743.9160706999246,744.9155759001151,744.9155759001151,744.9328715999145,745.365148599958,space,0.4347545001655817,None,745.3658690000884,745.7651336666352,746.0799167999066,746.0667441000696,746.0674012999516,746.0799167999066,746.0799167999066,746.0799167999066,748.3497196999379,200,1,[2.2693435000255704],[2.269360200036317],participant_1,001,2025-11-13_15h09.20.907,Deeya Intentional Binding,,2025.1.1,60.18404280301539,2025-11-13 15h09.38.921727 +0530,
0.1,400,exp,143,15,8,space,0.6462578000500798,None,10,1,[2.9357174998149276],[2.9357310999184847],8,15,143,12,748.3657196999993,,748.3501079000998,748.3657196999993,749.3487653001212,749.3487653001212,749.3662298000418,750.0000237999484,space,0.6462578000500798,None,750.0011503999121,750.0992277665684,750.4133274999913,750.3988008999731,750.399464200018,750.4133274999913,750.4133274999913,750.4133274999913,753.3497242999729,10,1,[2.9357174998149276],[2.9357310999184847],participant_1,001,2025-11-13_15h09.20.907,Deeya Intentional Binding,,2025.1.1,60.18404280301539,2025-11-13 15h09.38.921727 +0530,
0.1,1000,exp,144,0,9,space,0.4995564999990165,None,100,1,[3.836690800031647],[3.836699299979955],9,0,144,3,753.3657814001199,,753.3501929999329,753.3657814001199,754.3485240999144,754.3485240999144,754.3654026999138,754.8495716000907,space,0.4995564999990165,None,754.8507272999268,754.9488114666349,755.2619076000992,755.2481800999958,755.2488035999704,755.2619076000992,755.2619076000992,755.2619076000992,759.0989566000644,100,1,[3.836690800031647],[3.836699299979955],participant_1,001,2025-11-13_15h09.20.907,Deeya Intentional Binding,,2025.1.1,60.18404280301539,2025-11-13 15h09.38.921727 +0530,
0.4,1000,exp,145,1,9,space,0.10026880004443228,None,90,1,[5.239029800053686],[5.239043599925935],9,1,145,4,759.1141280001029,,759.0992151000537,759.1141280001029,760.0984314000234,760.0984314000234,760.1171399999876,760.214924100088,space,0.10026880004443228,None,760.2154576000758,760.6159127667236,760.9273475999944,760.915316700004,760.9159069000743,760.9273475999944,760.9273475999944,760.9273475999944,766.1668702999596,90,1,[5.239029800053686],[5.239043599925935],participant_1,001,2025-11-13_15h09.20.907,Deeya Intentional Binding,,2025.1.1,60.18404280301539,2025-11-13 15h09.38.921727 +0530,
0.4,400,unexp,146,2,9,space,0.26869459985755384,None,100,1,[3.348590699955821],[3.3486093999817967],9,2,146,1,766.1820966999512,,766.1672692000866,766.1820966999512,767.1821055000182,767.1821055000182,767.1821055000182,767.4667458999902,space,0.26869459985755384,None,767.4679441000335,767.8827162667333,768.2004609999713,768.1874516999815,768.1880683999043,768.2004609999713,768.2004609999713,768.2004609999713,771.5496100999881,100,1,[3.348590699955821],[3.3486093999817967],participant_1,001,2025-11-13_15h09.20.907,Deeya Intentional Binding,,2025.1.1,60.18404280301539,2025-11-13 15h09.38.921727 +0530,
0.7,1000,exp,147,3,9,space,0.28059290000237525,None,100,1,[3.257250600028783],[3.257268799934536],9,3,147,8,771.5655865001027,,771.550029499922,771.5655865001027,772.5486796000041,772.5486796000041,772.5658525000326,772.832926500123,space,0.28059290000237525,None,772.8340227000881,773.5482677666625,773.8591742999852,773.8458765000105,773.8466258000117,773.8591742999852,773.8591742999852,773.8591742999852,777.1169988000765,100,1,[3.257250600028783],[3.257268799934536],participant_1,001,2025-11-13_15h09.20.907,Deeya Intentional Binding,,2025.1.1,60.18404280301539,2025-11-13 15h09.38.921727 +0530,
0.1,1000,exp,148,4,9,space,0.06092639989219606,None,290,1,[5.8036435001995414],[5.80366380000487],9,4,148,9,777.1312239998952,,777.1176523999311,777.1312239998952,778.1319818000775,778.1319818000775,778.1319818000775,778.1990747998934,space,0.06092639989219606,None,778.200053999899,778.2989011665961,778.6115912999958,778.5979756000452,778.5985795001034,778.6115912999958,778.6115912999958,778.6115912999958,784.4157440001145,290,1,[5.8036435001995414],[5.80366380000487],participant_1,001,2025-11-13_15h09.20.907,Deeya Intentional Binding,,2025.1.1,60.18404280301539,2025-11-13 15h09.38.921727 +0530,
0.7,1000,unexp,149,5,9,space,0.20751720014959574,None,200,1,[1.7387687000446022],[1.7387854000553489],9,5,149,14,784.4323954000138,,784.4162179001141,784.4323954000138,785.4306059000082,785.4306059000082,785.4306059000082,785.6484495999757,space,0.20751720014959574,None,785.6493208000902,786.3481339666216,786.6606465999503,786.6461928999051,786.6469849999994,786.6606465999503,786.6606465999503,786.6606465999503,788.3999379999004,200,1,[1.7387687000446022],[1.7387854000553489],participant_1,001,2025-11-13_15h09.20.907,Deeya Intentional Binding,,2025.1.1,60.18404280301539,2025-11-13 15h09.38.921727 +0530,
0.4,1000,unexp,150,6,9,space,0.30561519996263087,None,200,1,[2.6925091000739485],[2.692524299956858],9,6,150,15,788.4149271000642,,788.400337100029,788.4149271000642,789.4152645000722,789.4152645000722,789.4152645000722,789.7326728999615,space,0.30561519996263087,None,789.7338157000486,790.1470806666805,790.4576063000131,790.4436345000286,790.4443834000267,790.4576063000131,790.4576063000131,790.4576063000131,793.1505640998948,200,1,[2.6925091000739485],[2.692524299956858],participant_1,001,2025-11-13_15h09.20.907,Deeya Intentional Binding,,2025.1.1,60.18404280301539,2025-11-13 15h09.38.921727 +0530,
0.4,1000,exp,151,7,9,space,0.1099864998832345,None,200,1,[3.0598424999043345],[3.0598570997826755],9,7,151,7,793.1651037998963,,793.1509340000339,793.1651037998963,794.1659818999469,794.1659818999469,794.1659818999469,794.2820379999466,space,0.1099864998832345,None,794.2833795000333,794.6820043665978,794.9886823999695,794.9746926999651,794.9752873999532,794.9886823999695,794.9886823999695,794.9886823999695,798.0490254000761,200,1,[3.0598424999043345],[3.0598570997826755],participant_1,001,2025-11-13_15h09.20.907,Deeya Intentional Binding,,2025.1.1,60.18404280301539,2025-11-13 15h09.38.921727 +0530,
0.7,1000,exp,152,8,9,space,0.2762923000846058,None,250,1,[3.471824999898672],[3.4718400000128895],9,8,152,5,798.0653385000769,,798.0495935999788,798.0653385000769,799.0481728001032,799.0481728001032,799.0649421000853,799.3316834999714,space,0.2762923000846058,None,799.3327895998955,800.0477447666383,800.3594021000899,800.3446710999124,800.3455994999968,800.3594021000899,800.3594021000899,800.3594021000899,803.8317179000005,250,1,[3.471824999898672],[3.4718400000128895],participant_1,001,2025-11-13_15h09.20.907,Deeya Intentional Binding,,2025.1.1,60.18404280301539,2025-11-13 15h09.38.921727 +0530,
0.4,1000,exp,153,9,9,space,0.058039600029587746,None,200,1,[2.5347078999038786],[2.5347205998841673],9,9,153,10,803.8483619999606,,803.832148599904,803.8483619999606,804.8318276999053,804.8318276999053,804.8479659999721,804.8992639000062,space,0.058039600029587746,None,804.9004148000386,805.2984356666605,805.6140334000811,805.597611400066,805.5979645000771,805.6140334000811,805.6140334000811,805.6140334000811,808.1491455999203,200,1,[2.5347078999038786],[2.5347205998841673],participant_1,001,2025-11-13_15h09.20.907,Deeya Intentional Binding,,2025.1.1,60.18404280301539,2025-11-13 15h09.38.921727 +0530,
0.7,400,unexp,154,10,9,space,0.1922328001819551,None,200,1,[4.1547864999156445],[4.154802699806169],9,10,154,2,808.1647268000524,,808.1495481000748,808.1647268000524,809.1482536001131,809.1482536001131,809.1646253000945,809.347942299908,space,0.1922328001819551,None,809.3487154999748,810.0630357666562,810.378953400068,810.3663780000061,810.3670147999655,810.378953400068,810.378953400068,810.378953400068,814.5342055000365,200,1,[4.1547864999156445],[4.154802699806169],participant_1,001,2025-11-13_15h09.20.907,Deeya Intentional Binding,,2025.1.1,60.18404280301539,2025-11-13 15h09.38.921727 +0530,
0.1,400,unexp,155,11,9,space,0.4082022001966834,None,200,1,[4.7168783999513835],[4.716890000039712],9,11,155,0,814.5482352001127,,814.5346001000144,814.5482352001127,815.5470956999343,815.5470956999343,815.5634455999825,815.965754600009,space,0.4082022001966834,None,815.9669151999988,816.0817048666688,816.4130776000675,816.3886339000892,816.389206700027,816.4130776000675,816.4130776000675,816.4130776000675,821.1303505999967,200,1,[4.7168783999513835],[4.716890000039712],participant_1,001,2025-11-13_15h09.20.907,Deeya Intentional Binding,,2025.1.1,60.18404280301539,2025-11-13 15h09.38.921727 +0530,
0.1,400,exp,156,12,9,space,0.18888629996217787,None,100,1,[1.5739102000370622],[1.5739273000508547],9,12,156,12,821.1467693001032,,821.1306545000989,821.1467693001032,822.1301810001023,822.1301810001023,822.1466628001072,822.3302581999451,space,0.18888629996217787,None,822.3307874000166,822.43058196671,822.7409492000006,822.7270816999953,822.7277315999381,822.7409492000006,822.7409492000006,822.7409492000006,824.3153625000268,100,1,[1.5739102000370622],[1.5739273000508547],participant_1,001,2025-11-13_15h09.20.907,Deeya Intentional Binding,,2025.1.1,60.18404280301539,2025-11-13 15h09.38.921727 +0530,
0.7,1000,exp,157,13,9,space,0.2009705000091344,None,200,1,[3.1094361001159996],[3.1094529000110924],9,13,157,11,824.3309406999033,,824.3157889998984,824.3309406999033,825.3144606000278,825.3144606000278,825.3314038000535,825.5314907999709,space,0.2009705000091344,None,825.5328565998934,826.2312296666826,826.5392338999081,826.5252646999434,826.5259404000826,826.5392338999081,826.5392338999081,826.5392338999081,829.6491117998958,200,1,[3.1094361001159996],[3.1094529000110924],participant_1,001,2025-11-13_15h09.20.907,Deeya Intentional Binding,,2025.1.1,60.18404280301539,2025-11-13 15h09.38.921727 +0530,
0.4,400,exp,158,14,9,space,0.11626519984565675,None,200,1,[5.488659500144422],[5.488671800121665],9,14,158,13,829.6647209001239,,829.6495117999148,829.6647209001239,830.6648830000777,830.6648830000777,830.6648830000777,830.7980941999704,space,0.11626519984565675,None,830.7992575999815,831.1980502666595,831.509297600016,831.4960922999308,831.4967364000622,831.509297600016,831.509297600016,831.509297600016,836.9983791999985,200,1,[5.488659500144422],[5.488671800121665],participant_1,001,2025-11-13_15h09.20.907,Deeya Intentional Binding,,2025.1.1,60.18404280301539,2025-11-13 15h09.38.921727 +0530,
0.1,1000,exp,159,15,9,space,0.3612283000256866,None,200,1,[1.8758105000015348],[1.8758229999803007],9,15,159,6,837.0143546001054,,836.9987542999443,837.0143546001054,838.0144819999114,838.0144819999114,838.0144819999114,838.3817628999241,space,0.3612283000256866,None,838.3832421998959,838.4809922667375,838.7898697999772,838.775187500054,838.7757498999126,838.7898697999772,838.7898697999772,838.7898697999772,840.6661108001135,200,1,[1.8758105000015348],[1.8758229999803007],participant_1,001,2025-11-13_15h09.20.907,Deeya Intentional Binding,,2025.1.1,60.18404280301539,2025-11-13 15h09.38.921727 +0530,
0.7,1000,exp,160,0,10,space,0.5376642001792789,None,300,1,[7.638290900038555],[7.638305499916896],10,0,160,11,840.6807413001079,,840.6665002000518,840.6807413001079,841.680699700024,841.680699700024,841.680699700024,842.2301002000459,space,0.5376642001792789,None,842.230921600014,842.9295098665791,843.2424618999939,843.2251897999085,843.2259380999021,843.2424618999939,843.2424618999939,843.2424618999939,850.8813016999047,300,1,[7.638290900038555],[7.638305499916896],participant_1,001,2025-11-13_15h09.20.907,Deeya Intentional Binding,,2025.1.1,60.18404280301539,2025-11-13 15h09.38.921727 +0530,
0.1,1000,exp,161,1,10,space,0.2807045001536608,None,200,1,[1.9520187000744045],[1.9520272000227123],10,1,161,9,850.8974530000705,,850.8817696000915,850.8974530000705,851.8967556999996,851.8967556999996,851.8967556999996,852.1816672999412,space,0.2807045001536608,None,852.1828294999432,852.2971837667903,852.611674600048,852.5983033000957,852.5989749000873,852.611674600048,852.611674600048,852.611674600048,854.5639963001013,200,1,[1.9520187000744045],[1.9520272000227123],participant_1,001,2025-11-13_15h09.20.907,Deeya Intentional Binding,,2025.1.1,60.18404280301539,2025-11-13 15h09.38.921727 +0530,
0.4,400,unexp,162,2,10,space,1.004216599976644,None,100,1,[5.038428699830547],[5.038443399826065],10,2,162,1,854.5796030999627,,854.5642192999367,854.5796030999627,855.5639392999001,855.5639392999001,855.5803509000689,856.579655499896,space,1.004216599976644,None,856.5803272000048,856.9811615667461,857.2927012001164,857.2771630000789,857.2786024999805,857.2927012001164,857.2927012001164,857.2927012001164,862.3318404001184,100,1,[5.038428699830547],[5.038443399826065],participant_1,001,2025-11-13_15h09.20.907,Deeya Intentional Binding,,2025.1.1,60.18404280301539,2025-11-13 15h09.38.921727 +0530,
0.4,1000,exp,163,3,10,space,0.2136057000607252,None,190,1,[3.217567899962887],[3.2175816998351365],10,3,163,10,862.3470058001112,,862.3322687000036,862.3470058001112,863.3469513000455,863.3469513000455,863.3469513000455,863.5629126001149,space,0.2136057000607252,None,863.5636686000507,863.9649005665599,864.2805643999018,864.2668260000646,864.2674692000728,864.2805643999018,864.2805643999018,864.2805643999018,867.4985666000284,190,1,[3.217567899962887],[3.2175816998351365],participant_1,001,2025-11-13_15h09.20.907,Deeya Intentional Binding,,2025.1.1,60.18404280301539,2025-11-13 15h09.38.921727 +0530,
0.7,1000,unexp,164,4,10,space,0.2283191999886185,None,300,1,[3.5355753002222627],[3.535585100064054],10,4,164,14,867.5127956001088,,867.4989479999058,867.5127956001088,868.5146747000981,868.5146747000981,868.5146747000981,868.7482576000039,space,0.2283191999886185,None,868.7493706000969,869.4642745666827,869.7780744999181,869.7654285999015,869.7659799000248,869.7780744999181,869.7780744999181,869.7780744999181,873.3139476000797,300,1,[3.5355753002222627],[3.535585100064054],participant_1,001,2025-11-13_15h09.20.907,Deeya Intentional Binding,,2025.1.1,60.18404280301539,2025-11-13 15h09.38.921727 +0530,
0.1,1000,exp,165,5,10,space,0.175644300179556,None,300,1,[2.819407599978149],[2.8194208000786602],10,5,165,6,873.3292859001085,,873.3141395000275,873.3292859001085,874.313474399969,874.313474399969,874.3296835999936,874.4981072000228,space,0.175644300179556,None,874.4991287000012,874.6131813666473,874.9290350000374,874.9169568999205,874.9175591000821,874.9290350000374,874.9290350000374,874.9290350000374,877.748865300091,300,1,[2.819407599978149],[2.8194208000786602],participant_1,001,2025-11-13_15h09.20.907,Deeya Intentional Binding,,2025.1.1,60.18404280301539,2025-11-13 15h09.38.921727 +0530,
0.7,400,unexp,166,6,10,space,1.9895522000733763,None,300,1,[20.151112399995327],[20.151133300038055],10,6,166,2,877.7636973999906,,877.7492162000854,877.7636973999906,878.7632893000264,878.7632893000264,878.7632893000264,880.7640496001113,space,1.9895522000733763,None,880.7651082999073,881.4638022666952,881.7788368999027,881.7667048999574,881.7670952999033,881.7788368999027,881.7788368999027,881.7788368999027,901.9304742999375,300,1,[20.151112399995327],[20.151133300038055],participant_1,001,2025-11-13_15h09.20.907,Deeya Intentional Binding,,2025.1.1,60.18404280301539,2025-11-13 15h09.38.921727 +0530,
0.4,400,exp,167,7,10,space,0.1515939999371767,None,200,1,[3.6032623001374304],[3.603273899992928],10,7,167,13,901.9466804000549,,901.9308903000783,901.9466804000549,902.9298765000422,902.9298765000422,902.9453682999592,903.0974850000348,space,0.1515939999371767,None,903.0986562001053,903.4971874666555,903.8115191999823,903.7980233998969,903.79864980001,903.8115191999823,903.8115191999823,903.8115191999823,907.415263999952,200,1,[3.6032623001374304],[3.603273899992928],participant_1,001,2025-11-13_15h09.20.907,Deeya Intentional Binding,,2025.1.1,60.18404280301539,2025-11-13 15h09.38.921727 +0530,
0.7,1000,exp,168,8,10,space,0.22476930008269846,None,300,1,[2.558413299964741],[2.5584259999450296],10,8,168,8,907.4289049000945,,907.415615899954,907.4289049000945,908.4291602999438,908.4291602999438,908.4291602999438,908.6641361999791,space,0.22476930008269846,None,908.6651683999225,909.3783241667008,909.6880878999364,909.6744798000436,909.6750300999265,909.6880878999364,909.6880878999364,909.6880878999364,912.2468761999626,300,1,[2.558413299964741],[2.5584259999450296],participant_1,001,2025-11-13_15h09.20.907,Deeya Intentional Binding,,2025.1.1,60.18404280301539,2025-11-13 15h09.38.921727 +0530,
0.7,1000,exp,169,9,10,space,0.1403302000835538,None,300,1,[1.987475800095126],[1.987487900070846],10,9,169,5,912.2618611000944,,912.2470964000095,912.2618611000944,913.2462230999954,913.2462230999954,913.2624606001191,913.3954360000789,space,0.1403302000835538,None,913.3962081999052,914.0962794665868,914.4097448000684,914.3961740999948,914.3968132000882,914.4097448000684,914.4097448000684,914.4097448000684,916.397670699982,300,1,[1.987475800095126],[1.987487900070846],participant_1,001,2025-11-13_15h09.20.907,Deeya Intentional Binding,,2025.1.1,60.18404280301539,2025-11-13 15h09.38.921727 +0530,
0.1,400,unexp,170,10,10,space,0.04138560011051595,None,100,1,[1.853118000086397],[1.8531347999814898],10,10,170,0,916.4124513999559,,916.3980010999367,916.4124513999559,917.4130158999469,917.4130158999469,917.4130158999469,917.4632725000847,space,0.04138560011051595,None,917.4641984000336,917.5624881666774,917.8781747000758,917.8635724000633,917.8640264000278,917.8781747000758,917.8781747000758,917.8781747000758,919.7317508999258,100,1,[1.853118000086397],[1.8531347999814898],participant_1,001,2025-11-13_15h09.20.907,Deeya Intentional Binding,,2025.1.1,60.18404280301539,2025-11-13 15h09.38.921727 +0530,
0.4,1000,exp,171,11,10,space,0.4101223999168724,None,100,1,[2.3020580001175404],[2.3020715001039207],10,11,171,7,919.7461846000515,,919.7321544000879,919.7461846000515,920.7473961000796,920.7473961000796,920.7473961000796,921.1627140000928,space,0.4101223999168724,None,921.163429700071,921.5630172666317,921.8784890000243,921.8662505999673,921.866902800044,921.8784890000243,921.8784890000243,921.8784890000243,924.1809811000712,100,1,[2.3020580001175404],[2.3020715001039207],participant_1,001,2025-11-13_15h09.20.907,Deeya Intentional Binding,,2025.1.1,60.18404280301539,2025-11-13 15h09.38.921727 +0530,
0.1,400,exp,172,12,10,space,0.289466799935326,None,200,1,[2.0061065000481904],[2.0061204000376165],10,12,172,12,924.1964577999897,,924.1815549000166,924.1964577999897,925.1958814000245,925.1958814000245,925.1958814000245,925.4957077999134,space,0.289466799935326,None,925.4968556999229,925.6123218667383,925.9237458999269,925.9107836999465,925.9114473999944,925.9237458999269,925.9237458999269,925.9237458999269,927.9302980999928,200,1,[2.0061065000481904],[2.0061204000376165],participant_1,001,2025-11-13_15h09.20.907,Deeya Intentional Binding,,2025.1.1,60.18404280301539,2025-11-13 15h09.38.921727 +0530,
0.4,1000,exp,173,13,10,space,0.21940620010718703,None,200,1,[1.990425999974832],[1.9904413998592645],10,13,173,4,927.9461612999439,,927.9307126000058,927.9461612999439,928.9463245000225,928.9463245000225,928.9463245000225,929.1789291000459,space,0.21940620010718703,None,929.1800158000551,929.579116066747,929.8902217000723,929.8771246999968,929.8778681999538,929.8902217000723,929.8902217000723,929.8902217000723,931.8811395000666,200,1,[1.990425999974832],[1.9904413998592645],participant_1,001,2025-11-13_15h09.20.907,Deeya Intentional Binding,,2025.1.1,60.18404280301539,2025-11-13 15h09.38.921727 +0530,
0.1,1000,exp,174,14,10,space,0.26553460001014173,None,200,1,[4.923176000127569],[4.923192500136793],10,14,174,3,931.89582230011,,931.8815647000447,931.89582230011,932.8965670999605,932.8965670999605,932.8965670999605,933.1633540000767,space,0.26553460001014173,None,933.164485400077,933.2781321667755,933.5894706998952,933.5759028000757,933.5766509000678,933.5894706998952,933.5894706998952,933.5894706998952,938.5131725999527,200,1,[4.923176000127569],[4.923192500136793],participant_1,001,2025-11-13_15h09.20.907,Deeya Intentional Binding,,2025.1.1,60.18404280301539,2025-11-13 15h09.38.921727 +0530,
0.4,1000,unexp,175,15,10,space,0.00232490012422204,None,2,1,[2.3015310999471694],[2.301545799942687],10,15,175,15,938.5288086999208,,938.5136037000921,938.5288086999208,939.5124019000214,939.5124019000214,939.5287528999615,939.5296885999851,space,0.00232490012422204,None,939.5310204001144,939.9449666666953,940.2622511999216,940.247506499989,940.2481027999893,940.2622511999216,940.2622511999216,940.2622511999216,942.5642272001132,2,1,[2.3015310999471694],[2.301545799942687],participant_1,001,2025-11-13_15h09.20.907,Deeya Intentional Binding,,2025.1.1,60.18404280301539,2025-11-13 15h09.38.921727 +0530,
0.4,400,unexp,176,0,11,space,0.41236849990673363,None,1,1,[2.671127100009471],[2.6711424998939037],11,0,176,1,942.5785982999951,,942.5646037000697,942.5785982999951,943.5796074001119,943.5796074001119,943.5796074001119,943.9978161999024,space,0.41236849990673363,None,943.9989440999925,944.4114461667525,944.725655300077,944.7126631999854,944.7134275001008,944.725655300077,944.725655300077,944.725655300077,947.3972650999203,1,1,[2.671127100009471],[2.6711424998939037],participant_1,001,2025-11-13_15h09.20.907,Deeya Intentional Binding,,2025.1.1,60.18404280301539,2025-11-13 15h09.38.921727 +0530,
0.7,1000,unexp,177,1,11,space,0.24353340012021363,None,200,1,[5.424167199991643],[5.424186100019142],11,1,177,14,947.4125256999396,,947.3976726999972,947.4125256999396,948.4122005999088,948.4122005999088,948.4122005999088,948.6629812999163,space,0.24353340012021363,None,948.6640258999541,949.3626899666308,949.6730394000188,949.6596321000252,949.6603320001159,949.6730394000188,949.6730394000188,949.6730394000188,955.0977203999646,200,1,[5.424167199991643],[5.424186100019142],participant_1,001,2025-11-13_15h09.20.907,Deeya Intentional Binding,,2025.1.1,60.18404280301539,2025-11-13 15h09.38.921727 +0530,
0.4,1000,exp,178,2,11,space,0.4656519000418484,None,200,1,[2.4739754998590797],[2.4739897998515517],11,2,178,7,955.1123277000152,,955.0981360999867,955.1123277000152,956.1113762001041,956.1113762001041,956.127751900116,956.5779641999397,space,0.4656519000418484,None,956.5785727999173,956.9791195665641,957.2897685999051,957.275906899944,957.2767374000978,957.2897685999051,957.2897685999051,957.2897685999051,959.7641934000421,200,1,[2.4739754998590797],[2.4739897998515517],participant_1,001,2025-11-13_15h09.20.907,Deeya Intentional Binding,,2025.1.1,60.18404280301539,2025-11-13 15h09.38.921727 +0530,
0.7,1000,exp,179,3,11,space,0.8828789000399411,None,300,1,[1.6059853001497686],[1.6059958001133054],11,3,179,5,959.7785750001203,,959.7645753000397,959.7785750001203,960.7784035999794,960.7784035999794,960.7784035999794,961.6631791000254,space,0.8828789000399411,None,961.6644498000387,962.3623964666078,962.6731702000834,962.6588769000955,962.6600639999378,962.6731702000834,962.6731702000834,962.6731702000834,964.2795343000907,300,1,[1.6059853001497686],[1.6059958001133054],participant_1,001,2025-11-13_15h09.20.907,Deeya Intentional Binding,,2025.1.1,60.18404280301539,2025-11-13 15h09.38.921727 +0530,
0.7,1000,exp,180,4,11,space,0.24252510000951588,None,300,1,[1.8690092000178993],[1.8690231998916715],11,4,180,8,964.2943828001153,,964.2798216999508,964.2943828001153,965.2788194001187,965.2788194001187,965.2957427999936,965.5296968000475,space,0.24252510000951588,None,965.5307219999377,966.2293766667756,966.5441674999893,966.5282457999419,966.528832900105,966.5441674999893,966.5441674999893,966.5441674999893,968.4136038001161,300,1,[1.8690092000178993],[1.8690231998916715],participant_1,001,2025-11-13_15h09.20.907,Deeya Intentional Binding,,2025.1.1,60.18404280301539,2025-11-13 15h09.38.921727 +0530,
0.1,400,exp,181,5,11,space,0.19437370006926358,None,100,1,[1.6072060998994857],[1.6072205000091344],11,5,181,12,968.4281586001161,,968.4140047000255,968.4281586001161,969.4286859000567,969.4286859000567,969.4286859000567,969.6292004999705,space,0.19437370006926358,None,969.6304830999579,969.7290478666002,970.0385940000415,970.024455799954,970.0252789000515,970.0385940000415,970.0385940000415,970.0385940000415,971.6462771000806,100,1,[1.6072060998994857],[1.6072205000091344],participant_1,001,2025-11-13_15h09.20.907,Deeya Intentional Binding,,2025.1.1,60.18404280301539,2025-11-13 15h09.38.921727 +0530,
0.1,400,unexp,182,6,11,space,0.23995050019584596,None,100 ,1,[2.7702240999788046],[2.770239599980414],11,6,182,0,971.6630196999758,,971.6467873000074,971.6630196999758,972.6622667000629,972.6622667000629,972.6622667000629,972.9126730998978,space,0.23995050019584596,None,972.9138060999103,973.0123620667184,973.3267985999119,973.3150283999275,973.3155610000249,973.3267985999119,973.3267985999119,973.3267985999119,976.0974920999724,100 ,1,[2.7702240999788046],[2.770239599980414],participant_1,001,2025-11-13_15h09.20.907,Deeya Intentional Binding,,2025.1.1,60.18404280301539,2025-11-13 15h09.38.921727 +0530,
0.1,1000,exp,183,7,11,space,0.120254100067541,None,100,1,[2.611260199919343],[2.6112750000320375],11,7,183,3,976.1111906999722,,976.0979075001087,976.1111906999722,977.1121372999623,977.1121372999623,977.1121372999623,977.2469057000708,space,0.120254100067541,None,977.2480524000712,977.3609865666988,977.66760289995,977.6573528000154,977.6578925999347,977.66760289995,977.66760289995,977.66760289995,980.279300400056,100,1,[2.611260199919343],[2.6112750000320375],participant_1,001,2025-11-13_15h09.20.907,Deeya Intentional Binding,,2025.1.1,60.18404280301539,2025-11-13 15h09.38.921727 +0530,
0.4,1000,exp,184,8,11,space,0.2986486000008881,None,200,1,[2.804641699884087],[2.8046546999830753],11,8,184,10,980.2950138000306,,980.2796879999805,980.2950138000306,981.2956075000111,981.2956075000111,981.2956075000111,981.5948713999242,space,0.2986486000008881,None,981.5957392000128,981.9945790665845,982.3089519001078,982.2961299999151,982.2967364999931,982.3089519001078,982.3089519001078,982.3089519001078,985.1140388001222,200,1,[2.804641699884087],[2.8046546999830753],participant_1,001,2025-11-13_15h09.20.907,Deeya Intentional Binding,,2025.1.1,60.18404280301539,2025-11-13 15h09.38.921727 +0530,
0.4,1000,exp,185,9,11,space,0.13407870009541512,None,300,1,[2.6022550999186933],[2.602269700029865],11,9,185,4,985.1282063999679,,985.1144191001076,985.1282063999679,986.128757199971,986.128757199971,986.128757199971,986.2791963000782,space,0.13407870009541512,None,986.2802532000933,986.6948755665837,987.0105544999242,986.9959271999542,986.9966076998971,987.0105544999242,987.0105544999242,987.0105544999242,989.6132338999305,300,1,[2.6022550999186933],[2.602269700029865],participant_1,001,2025-11-13_15h09.20.907,Deeya Intentional Binding,,2025.1.1,60.18404280301539,2025-11-13 15h09.38.921727 +0530,
0.4,400,exp,186,10,11,space,1.7997977999038994,None,300,1,[2.834250400075689],[2.8342675999738276],11,10,186,13,989.6284658000804,,989.6136129000224,989.6284658000804,990.6282764000352,990.6282764000352,990.6282764000352,992.4294197000563,space,1.7997977999038994,None,992.4305320999119,992.8449672666068,993.1618178999051,993.1467921999283,993.1473888000473,993.1618178999051,993.1618178999051,993.1618178999051,995.9965536000673,300,1,[2.834250400075689],[2.8342675999738276],participant_1,001,2025-11-13_15h09.20.907,Deeya Intentional Binding,,2025.1.1,60.18404280301539,2025-11-13 15h09.38.921727 +0530,
0.1,1000,exp,187,11,11,space,0.24200430000200868,None,100,1,[3.1738236998207867],[3.1738357997965068],11,11,187,9,996.0109274000861,,995.9969752000179,996.0109274000861,997.0116218999028,997.0116218999028,997.0116218999028,997.2616878999397,space,0.24200430000200868,None,997.2627081000246,997.3615889666291,997.6709171000402,997.6568652000278,997.6575287000742,997.6709171000402,997.6709171000402,997.6709171000402,1000.8451517000794,100,1,[3.1738236998207867],[3.1738357997965068],participant_1,001,2025-11-13_15h09.20.907,Deeya Intentional Binding,,2025.1.1,60.18404280301539,2025-11-13 15h09.38.921727 +0530,
0.4,1000,unexp,188,12,11,space,0.15546949999406934,None,200,1,[1.9865985000506043],[1.9866160999517888],11,12,188,15,1000.8616184000857,,1000.8454652999062,1000.8616184000857,1001.8438884001225,1001.8438884001225,1001.8775084000081,1002.012708599912,space,0.15546949999406934,None,1002.0137750001159,1002.4289770667131,1002.7415595999919,1002.7281100000255,1002.7287598000839,1002.7415595999919,1002.7415595999919,1002.7415595999919,1004.7286944000516,200,1,[1.9865985000506043],[1.9866160999517888],participant_1,001,2025-11-13_15h09.20.907,Deeya Intentional Binding,,2025.1.1,60.18404280301539,2025-11-13 15h09.38.921727 +0530,
0.7,1000,exp,189,13,11,space,0.25544469989836216,None,300,1,[3.609892599983141],[3.609910400118679],11,13,189,11,1004.7446290000807,,1004.7291745999828,1004.7446290000807,1005.7280278000981,1005.7280278000981,1005.7447081999853,1005.997483999934,space,0.25544469989836216,None,1005.9985513999127,1006.7112920666734,1007.0199309000745,1007.0065981000662,1007.0070931001101,1007.0199309000745,1007.0199309000745,1007.0199309000745,1010.6303501001094,300,1,[3.609892599983141],[3.609910400118679],participant_1,001,2025-11-13_15h09.20.907,Deeya Intentional Binding,,2025.1.1,60.18404280301539,2025-11-13 15h09.38.921727 +0530,
0.1,1000,exp,190,14,11,space,0.20537390001118183,None,100,1,[8.539810199989006],[8.539824399864301],11,14,190,6,1010.6441277998965,,1010.6307683000341,1010.6441277998965,1011.6444057000335,1011.6444057000335,1011.6444057000335,1011.8627955000848,space,0.20537390001118183,None,1011.8641371000558,1011.9779767667098,1012.2900443000253,1012.2768788000103,1012.277484399965,1012.2900443000253,1012.2900443000253,1012.2900443000253,1020.8304194000084,100,1,[8.539810199989006],[8.539824399864301],participant_1,001,2025-11-13_15h09.20.907,Deeya Intentional Binding,,2025.1.1,60.18404280301539,2025-11-13 15h09.38.921727 +0530,
0.7,400,unexp,191,15,11,space,0.21517199999652803,None,200,1,[4.406791599933058],[4.4068064000457525],11,15,191,2,1020.8442712000106,,1020.8308016001247,1020.8442712000106,1021.844881300116,1021.844881300116,1021.844881300116,1022.0771320001222,space,0.21517199999652803,None,1022.0778648001142,1022.7773684666647,1023.0887682999019,1023.0751754001249,1023.0758110999595,1023.0887682999019,1023.0887682999019,1023.0887682999019,1027.496082900092,200,1,[4.406791599933058],[4.4068064000457525],participant_1,001,2025-11-13_15h09.20.907,Deeya Intentional Binding,,2025.1.1,60.18404280301539,2025-11-13 15h09.38.921727 +0530,
0.4,400,unexp,192,0,12,space,0.07424870016984642,None,200,1,[6.219359999988228],[6.2193730000872165],12,0,192,1,1027.5114355999976,,1027.4965103000868,1027.5114355999976,1028.5099700000137,1028.5099700000137,1028.5267076001037,1028.5934107999783,space,0.07424870016984642,None,1028.5942520000972,1028.9949959666158,1029.3097645998932,1029.2969994999003,1029.2976098000072,1029.3097645998932,1029.3097645998932,1029.3097645998932,1035.5295444999356,200,1,[6.219359999988228],[6.2193730000872165],participant_1,001,2025-11-13_15h09.20.907,Deeya Intentional Binding,,2025.1.1,60.18404280301539,2025-11-13 15h09.38.921727 +0530,
0.1,1000,exp,193,1,12,space,0.24969390011392534,None,100,1,[2.3314778998028487],[2.331491799792275],12,1,193,6,1035.544001000002,,1035.5300161000341,1035.544001000002,1036.5442912001163,1036.5442912001163,1036.5442912001163,1036.795240700012,space,0.24969390011392534,None,1036.7965764000546,1036.9097580665878,1037.212524099974,1037.2025693999603,1037.202900199918,1037.212524099974,1037.212524099974,1037.212524099974,1039.5444241000805,100,1,[2.3314778998028487],[2.331491799792275],participant_1,001,2025-11-13_15h09.20.907,Deeya Intentional Binding,,2025.1.1,60.18404280301539,2025-11-13 15h09.38.921727 +0530,
0.1,400,exp,194,2,12,space,0.020157899940386415,None,100,1,[2.2504070999566466],[2.250422300072387],12,2,194,12,1039.5606088999193,,1039.5448100001086,1039.5606088999193,1040.5591514999978,1040.5591514999978,1040.5769225999247,1040.595272100065,space,0.020157899940386415,None,1040.5965344000142,1040.6945321667629,1041.0106037999503,1040.9978968999349,1040.998484400101,1041.0106037999503,1041.0106037999503,1041.0106037999503,1043.2614561000373,100,1,[2.2504070999566466],[2.250422300072387],participant_1,001,2025-11-13_15h09.20.907,Deeya Intentional Binding,,2025.1.1,60.18404280301539,2025-11-13 15h09.38.921727 +0530,
0.7,1000,exp,195,3,12,space,0.2732873000204563,None,200,1,[2.902144300052896],[2.902158400043845],12,3,195,5,1043.276466500014,,1043.2618273000699,1043.276466500014,1044.2603281999473,1044.2603281999473,1044.2772691000719,1044.5450102000032,space,0.2732873000204563,None,1044.5461011999287,1045.2450793667851,1045.5588676999323,1045.545879600104,1045.5464602999855,1045.5588676999323,1045.5588676999323,1045.5588676999323,1048.4614812999498,200,1,[2.902144300052896],[2.902158400043845],participant_1,001,2025-11-13_15h09.20.907,Deeya Intentional Binding,,2025.1.1,60.18404280301539,2025-11-13 15h09.38.921727 +0530,
0.4,1000,unexp,196,4,12,space,0.25071320007555187,None,200,1,[1.7182038000319153],[1.7182255999650806],12,4,196,15,1048.4772910000756,,1048.4619259000756,1048.4772910000756,1049.4605702001136,1049.4605702001136,1049.4777428999078,1049.727994499961,space,0.25071320007555187,None,1049.7292124999221,1050.1273561667806,1050.442510999972,1050.4283982999623,1050.428885600064,1050.442510999972,1050.442510999972,1050.442510999972,1052.1612283000723,200,1,[1.7182038000319153],[1.7182255999650806],participant_1,001,2025-11-13_15h09.20.907,Deeya Intentional Binding,,2025.1.1,60.18404280301539,2025-11-13 15h09.38.921727 +0530,
0.7,1000,exp,197,5,12,space,0.08135770005173981,None,300,1,[1.9692913999315351],[1.9693068000487983],12,5,197,8,1052.177270699991,,1052.1616406999528,1052.177270699991,1053.160499199992,1053.160499199992,1053.1764869000763,1053.2449244000018,space,0.08135770005173981,None,1053.2460994999856,1053.9442576666518,1054.258878200082,1054.2455100999214,1054.2460859001148,1054.258878200082,1054.258878200082,1054.258878200082,1056.2286388999783,300,1,[1.9692913999315351],[1.9693068000487983],participant_1,001,2025-11-13_15h09.20.907,Deeya Intentional Binding,,2025.1.1,60.18404280301539,2025-11-13 15h09.38.921727 +0530,
0.1,400,unexp,198,6,12,space,0.23757859994657338,None,100,1,[1.7367676999419928],[1.7367926998995245],12,6,198,0,1056.243662999943,,1056.2290672999807,1056.243662999943,1057.2442069998942,1057.2442069998942,1057.2442069998942,1057.494631400099,space,0.23757859994657338,None,1057.4957169999834,1057.5939828665616,1057.9256796999834,1057.9009962000418,1057.9016871999484,1057.9256796999834,1057.9256796999834,1057.9256796999834,1059.6628900999203,100,1,[1.7367676999419928],[1.7367926998995245],participant_1,001,2025-11-13_15h09.20.907,Deeya Intentional Binding,,2025.1.1,60.18404280301539,2025-11-13 15h09.38.921727 +0530,
0.1,1000,exp,199,7,12,space,0.2650963000487536,None,200,1,[1.8769972999580204],[1.8770157999824733],12,7,199,3,1059.676865800051,,1059.6632677000016,1059.676865800051,1060.677128399955,1060.677128399955,1060.677128399955,1060.9456535999198,space,0.2650963000487536,None,1060.9466651000548,1061.0599398667148,1061.3681342001073,1061.3538462000433,1061.354557099985,1061.3681342001073,1061.3681342001073,1061.3681342001073,1063.245653500082,200,1,[1.8769972999580204],[1.8770157999824733],participant_1,001,2025-11-13_15h09.20.907,Deeya Intentional Binding,,2025.1.1,60.18404280301539,2025-11-13 15h09.38.921727 +0530,
0.4,400,exp,200,8,12,space,0.03107980010099709,None,300,1,[1.849286099895835],[1.849304199917242],12,8,200,13,1063.2595605999231,,1063.2460628999397,1063.2595605999231,1064.2598141001072,1064.2598141001072,1064.2598141001072,1064.2948372000828,space,0.03107980010099709,None,1064.2960022001062,1064.7104999665792,1065.0275938000996,1065.0145366000943,1065.0150528999511,1065.0275938000996,1065.0275938000996,1065.0275938000996,1066.877443900099,300,1,[1.849286099895835],[1.849304199917242],participant_1,001,2025-11-13_15h09.20.907,Deeya Intentional Binding,,2025.1.1,60.18404280301539,2025-11-13 15h09.38.921727 +0530,
0.4,1000,exp,201,9,12,space,0.43558680010028183,None,230,1,[5.919298900058493],[5.919313200050965],12,9,201,10,1066.8937232000753,,1066.8777928999625,1066.8937232000753,1067.8772100000642,1067.8772100000642,1067.8945945000742,1068.328452100046,space,0.43558680010028183,None,1068.3297331000213,1068.7428122666354,1069.059177200077,1069.0468393000774,1069.04745250009,1069.059177200077,1069.059177200077,1069.059177200077,1074.9789454001002,230,1,[5.919298900058493],[5.919313200050965],participant_1,001,2025-11-13_15h09.20.907,Deeya Intentional Binding,,2025.1.1,60.18404280301539,2025-11-13 15h09.38.921727 +0530,
0.7,400,unexp,202,10,12,space,0.019590300042182207,None,300,1,[2.572092100046575],[2.5721116000786424],12,10,202,2,1074.9922307000961,,1074.9793340000324,1074.9922307000961,1075.9934410999995,1075.9934410999995,1075.9934410999995,1076.0280597000383,space,0.019590300042182207,None,1076.0291778000537,1076.743801066714,1077.0553705999628,1077.0433960999362,1077.0439995999914,1077.0553705999628,1077.0553705999628,1077.0553705999628,1079.6279545999132,300,1,[2.572092100046575],[2.5721116000786424],participant_1,001,2025-11-13_15h09.20.907,Deeya Intentional Binding,,2025.1.1,60.18404280301539,2025-11-13 15h09.38.921727 +0530,
0.7,1000,unexp,203,11,12,space,0.07928459998220205,None,400,1,[2.953165299957618],[2.95317370002158],12,11,203,14,1079.6434953000862,,1079.6283400000539,1079.6434953000862,1080.643275700044,1080.643275700044,1080.643275700044,1080.7283419999294,space,0.07928459998220205,None,1080.7295297000092,1081.442097866737,1081.7567392999772,1081.7435946001206,1081.7442326999735,1081.7567392999772,1081.7567392999772,1081.7567392999772,1084.7102113999426,400,1,[2.953165299957618],[2.95317370002158],participant_1,001,2025-11-13_15h09.20.907,Deeya Intentional Binding,,2025.1.1,60.18404280301539,2025-11-13 15h09.38.921727 +0530,
0.4,1000,exp,204,12,12,space,0.18006879999302328,None,200,1,[2.737199200084433],[2.7372145999688655],12,12,204,7,1084.7269502000418,,1084.7104492001235,1084.7269502000418,1085.7253888999112,1085.7253888999112,1085.7253888999112,1085.9109551999718,space,0.18006879999302328,None,1085.9119774999563,1086.326194666621,1086.6403127000667,1086.6256299000233,1086.6262699000072,1086.6403127000667,1086.6403127000667,1086.6403127000667,1089.3779720000457,200,1,[2.737199200084433],[2.7372145999688655],participant_1,001,2025-11-13_15h09.20.907,Deeya Intentional Binding,,2025.1.1,60.18404280301539,2025-11-13 15h09.38.921727 +0530,
0.7,1000,exp,205,13,12,space,0.2616101000458002,None,500,1,[3.2367455000057817],[3.23676610016264],12,13,205,11,1089.3933204999194,,1089.3783672000282,1089.3933204999194,1090.3937200999353,1090.3937200999353,1090.3937200999353,1090.6615003999323,space,0.2616101000458002,None,1090.662581200013,1091.3770311666342,1091.6902316000778,1091.67716880003,1091.6777880999725,1091.6902316000778,1091.6902316000778,1091.6902316000778,1094.927559999982,500,1,[3.2367455000057817],[3.23676610016264],participant_1,001,2025-11-13_15h09.20.907,Deeya Intentional Binding,,2025.1.1,60.18404280301539,2025-11-13 15h09.38.921727 +0530,
0.4,1000,exp,206,14,12,space,0.2590204000007361,None,200,1,[1.6400041999295354],[1.6400303000118583],12,14,206,4,1094.9429709000979,,1094.9280050001107,1094.9429709000979,1095.9433466000482,1095.9433466000482,1095.9433466000482,1096.2104837999213,space,0.2590204000007361,None,1096.211482499959,1096.6098960666607,1096.9201255000662,1096.90654919995,1096.9076024999376,1096.9201255000662,1096.9201255000662,1096.9201255000662,1098.56079160003,200,1,[1.6400041999295354],[1.6400303000118583],participant_1,001,2025-11-13_15h09.20.907,Deeya Intentional Binding,,2025.1.1,60.18404280301539,2025-11-13 15h09.38.921727 +0530,
0.1,1000,exp,207,15,12,space,0.30263129994273186,None,100,1,[1.6865550000220537],[1.6865703000221401],12,15,207,9,1098.576754000038,,1098.5612830000464,1098.576754000038,1099.5754752000794,1099.5754752000794,1099.5921777000185,1099.8937975999434,space,0.30263129994273186,None,1099.894960799953,1099.993185366566,1100.3078153999522,1100.2948849999812,1100.2955434999894,1100.3078153999522,1100.3078153999522,1100.3078153999522,1101.9948803998996,100,1,[1.6865550000220537],[1.6865703000221401],participant_1,001,2025-11-13_15h09.20.907,Deeya Intentional Binding,,2025.1.1,60.18404280301539,2025-11-13 15h09.38.921727 +0530,
0.1,1000,exp,208,0,13,space,0.4204512001015246,None,100,1,[1.4699834000784904],[1.469997800188139],13,0,208,9,1102.009510200005,,1101.9953330000862,1102.009510200005,1103.0094580000732,1103.0094580000732,1103.0094580000732,1103.4422402000055,space,0.4204512001015246,None,1103.4427459998988,1103.543399666731,1103.8569491999224,1103.8450660998933,1103.8456542999484,1103.8569491999224,1103.8569491999224,1103.8569491999224,1105.3274097000249,100,1,[1.4699834000784904],[1.469997800188139],participant_1,001,2025-11-13_15h09.20.907,Deeya Intentional Binding,,2025.1.1,60.18404280301539,2025-11-13 15h09.38.921727 +0530,
0.4,400,unexp,209,1,13,space,0.31051389989443123,None,180,1,[4.953933799872175],[4.953941399930045],13,1,209,1,1105.3427007999271,,1105.3278632999863,1105.3427007999271,1106.326705900021,1106.326705900021,1106.343177499948,1106.64347920008,space,0.31051389989443123,None,1106.6445289000403,1107.0434482666353,1107.3554295001086,1107.342709199991,1107.343321399996,1107.3554295001086,1107.3554295001086,1107.3554295001086,1112.3096761999186,180,1,[4.953933799872175],[4.953941399930045],participant_1,001,2025-11-13_15h09.20.907,Deeya Intentional Binding,,2025.1.1,60.18404280301539,2025-11-13 15h09.38.921727 +0530,
0.7,1000,exp,210,2,13,space,0.17179979989305139,None,200,1,[1.8800464000087231],[1.8800625998992473],13,2,210,11,1112.325342600001,,1112.3098933000583,1112.325342600001,1113.3250617999583,1113.3250617999583,1113.3250617999583,1113.510447199922,space,0.17179979989305139,None,1113.5117341000587,1114.2259213666587,1114.5311736001167,1114.522604699945,1114.5230747999158,1114.5311736001167,1114.5311736001167,1114.5311736001167,1116.4116873999592,200,1,[1.8800464000087231],[1.8800625998992473],participant_1,001,2025-11-13_15h09.20.907,Deeya Intentional Binding,,2025.1.1,60.18404280301539,2025-11-13 15h09.38.921727 +0530,
0.4,400,exp,211,3,13,space,0.28685889998450875,None,300,1,[1.9673119999933988],[1.9673293998930603],13,3,211,13,1116.426422999939,,1116.4121004000772,1116.426422999939,1117.4273163001053,1117.4273163001053,1117.4273163001053,1117.7273202999495,space,0.28685889998450875,None,1117.7283606999554,1118.1428825667283,1118.460123399971,1118.4468577001244,1118.4475775999017,1118.460123399971,1118.460123399971,1118.460123399971,1120.4279104999732,300,1,[1.9673119999933988],[1.9673293998930603],participant_1,001,2025-11-13_15h09.20.907,Deeya Intentional Binding,,2025.1.1,60.18404280301539,2025-11-13 15h09.38.921727 +0530,
0.4,1000,exp,212,4,13,space,0.07977589988149703,None,100,1,[2.607132100034505],[2.60714830015786],13,4,212,10,1120.4424113000277,,1120.428322599968,1120.4424113000277,1121.4426561999135,1121.4426561999135,1121.4426561999135,1121.5265116000082,space,0.07977589988149703,None,1121.527607700089,1121.9261563667717,1122.236906599952,1122.2262709999923,1122.2266698000021,1122.236906599952,1122.236906599952,1122.236906599952,1124.8444715999067,100,1,[2.607132100034505],[2.60714830015786],participant_1,001,2025-11-13_15h09.20.907,Deeya Intentional Binding,,2025.1.1,60.18404280301539,2025-11-13 15h09.38.921727 +0530,
0.7,1000,exp,213,5,13,space,0.17971950001083314,None,200,1,[2.308965800097212],[2.308980799978599],13,5,213,5,1124.8590826001018,,1124.8448791000992,1124.8590826001018,1125.8591261000838,1125.8591261000838,1125.8591261000838,1126.042453699978,space,0.17971950001083314,None,1126.0431957999244,1126.7433975667848,1127.0504240998998,1127.036536199972,1127.0371467999648,1127.0504240998998,1127.0504240998998,1127.0504240998998,1129.359915399924,200,1,[2.308965800097212],[2.308980799978599],participant_1,001,2025-11-13_15h09.20.907,Deeya Intentional Binding,,2025.1.1,60.18404280301539,2025-11-13 15h09.38.921727 +0530,
0.7,1000,unexp,214,6,13,space,0.25506659992970526,None,350,1,[3.50519230007194],[3.50520580005832],13,6,214,14,1129.3760468000546,,1129.3603564000223,1129.3760468000546,1130.374740500003,1130.374740500003,1130.3917308000382,1130.6432570999023,space,0.25506659992970526,None,1130.6442919000983,1131.359259166584,1131.6705193999223,1131.65829079994,1131.6588967998978,1131.6705193999223,1131.6705193999223,1131.6705193999223,1135.17613789998,350,1,[3.50519230007194],[3.50520580005832],participant_1,001,2025-11-13_15h09.20.907,Deeya Intentional Binding,,2025.1.1,60.18404280301539,2025-11-13 15h09.38.921727 +0530,
0.1,1000,exp,215,7,13,space,0.2518991001415998,None,200,1,[5.048366000177339],[5.048380400054157],13,7,215,6,1135.1916445000097,,1135.1765358000994,1135.1916445000097,1136.1914470000193,1136.1914470000193,1136.1914470000193,1136.4593056999147,space,0.2518991001415998,None,1136.4603812000714,1136.5586579666162,1136.8624704999384,1136.8525413000025,1136.8530127000995,1136.8624704999384,1136.8624704999384,1136.8624704999384,1141.911502999952,200,1,[5.048366000177339],[5.048380400054157],participant_1,001,2025-11-13_15h09.20.907,Deeya Intentional Binding,,2025.1.1,60.18404280301539,2025-11-13 15h09.38.921727 +0530,
0.4,1000,exp,216,8,13,space,0.38118620007298887,None,100,1,[3.1432590999174863],[3.1432749000377953],13,8,216,4,1141.9254155000672,,1141.911971699912,1141.9254155000672,1142.9253738999832,1142.9253738999832,1142.9253738999832,1143.3083023999352,space,0.38118620007298887,None,1143.3087933000643,1143.7086278666432,1144.0176319000311,1144.004591499921,1144.0052769000176,1144.0176319000311,1144.0176319000311,1144.0176319000311,1147.161584699992,100,1,[3.1432590999174863],[3.1432749000377953],participant_1,001,2025-11-13_15h09.20.907,Deeya Intentional Binding,,2025.1.1,60.18404280301539,2025-11-13 15h09.38.921727 +0530,
0.4,1000,unexp,217,9,13,space,0.23685300000943244,None,200,1,[2.771695800125599],[2.7717136000283062],13,9,217,15,1147.1750403000042,,1147.162242700113,1147.1750403000042,1148.175484499894,1148.175484499894,1148.175484499894,1148.4257197000552,space,0.23685300000943244,None,1148.426768100122,1148.8254293667308,1149.139573799912,1149.1269801000599,1149.1275788000785,1149.139573799912,1149.139573799912,1149.139573799912,1151.9117936999537,200,1,[2.771695800125599],[2.7717136000283062],participant_1,001,2025-11-13_15h09.20.907,Deeya Intentional Binding,,2025.1.1,60.18404280301539,2025-11-13 15h09.38.921727 +0530,
0.1,400,exp,218,10,13,space,0.28464319999329746,None,180,1,[3.1359275998547673],[3.1359430998563766],13,10,218,12,1151.9245076999068,,1151.9122242000885,1151.9245076999068,1152.925803200109,1152.925803200109,1152.925803200109,1153.2265955000184,space,0.28464319999329746,None,1153.2275892999023,1153.3425325665778,1153.657840400003,1153.6440604999661,1153.644647500012,1153.657840400003,1153.657840400003,1153.657840400003,1156.7942526000552,180,1,[3.1359275998547673],[3.1359430998563766],participant_1,001,2025-11-13_15h09.20.907,Deeya Intentional Binding,,2025.1.1,60.18404280301539,2025-11-13 15h09.38.921727 +0530,
0.7,1000,exp,219,11,13,space,0.766665100120008,None,230,1,[2.6196670001372695],[2.619676799979061],13,11,219,8,1156.8082206998952,,1156.7946333000436,1156.8082206998952,1157.8081225000788,1157.8081225000788,1157.8081225000788,1158.5911948001012,space,0.766665100120008,None,1158.5917036999017,1159.2925447666241,1159.6059628999792,1159.593847299926,1159.5944105000235,1159.6059628999792,1159.6059628999792,1159.6059628999792,1162.2259575000498,230,1,[2.6196670001372695],[2.619676799979061],participant_1,001,2025-11-13_15h09.20.907,Deeya Intentional Binding,,2025.1.1,60.18404280301539,2025-11-13 15h09.38.921727 +0530,
0.4,1000,exp,220,12,13,space,0.2829849000554532,None,200,1,[2.5206946001853794],[2.520710099954158],13,12,220,7,1162.2408304000273,,1162.2262061999645,1162.2408304000273,1163.2419652999379,1163.2419652999379,1163.2419652999379,1163.5268029998988,space,0.2829849000554532,None,1163.5279757999815,1163.9419531666829,1164.256197199924,1164.2436526000965,1164.2442399000283,1164.256197199924,1164.256197199924,1164.256197199924,1166.7773609999567,200,1,[2.5206946001853794],[2.520710099954158],participant_1,001,2025-11-13_15h09.20.907,Deeya Intentional Binding,,2025.1.1,60.18404280301539,2025-11-13 15h09.38.921727 +0530,
0.1,400,unexp,221,13,13,space,0.3122633998282254,None,100,1,[4.752240600064397],[4.752258399967104],13,13,221,0,1166.7917106999084,,1166.7777660000138,1166.7917106999084,1167.791527000023,1167.791527000023,1167.791527000023,1168.1091634000186,space,0.3122633998282254,None,1168.110189500032,1168.2086063665959,1168.5236899999436,1168.5070474001113,1168.507368599996,1168.5236899999436,1168.5236899999436,1168.5236899999436,1173.2764393999241,100,1,[4.752240600064397],[4.752258399967104],participant_1,001,2025-11-13_15h09.20.907,Deeya Intentional Binding,,2025.1.1,60.18404280301539,2025-11-13 15h09.38.921727 +0530,
0.1,1000,exp,222,14,13,space,0.2789245001040399,None,100,1,[4.084078199928626],[4.084095600061119],13,14,222,3,1173.291514399927,,1173.276947400067,1173.291514399927,1174.2914873999543,1174.2914873999543,1174.2914873999543,1174.5757381001022,space,0.2789245001040399,None,1174.5769209000282,1174.692350866568,1175.0081317999866,1174.9941670000553,1174.9946429000702,1175.0081317999866,1175.0081317999866,1175.0081317999866,1179.09271300002,100,1,[4.084078199928626],[4.084095600061119],participant_1,001,2025-11-13_15h09.20.907,Deeya Intentional Binding,,2025.1.1,60.18404280301539,2025-11-13 15h09.38.921727 +0530,
0.7,400,unexp,223,15,13,space,0.6188855001237243,None,100,1,[4.036247699987143],[4.036263799993321],13,15,223,2,1179.1079607999418,,1179.0931388000026,1179.1079607999418,1180.0915886999574,1180.0915886999574,1180.107778500067,1180.7262345000636,space,0.6188855001237243,None,1180.727286499925,1181.42538776674,1181.739887499949,1181.726562900003,1181.7269403999671,1181.739887499949,1181.739887499949,1181.739887499949,1185.7765957000665,100,1,[4.036247699987143],[4.036263799993321],participant_1,001,2025-11-13_15h09.20.907,Deeya Intentional Binding,,2025.1.1,60.18404280301539,2025-11-13 15h09.38.921727 +0530,
0.4,1000,unexp,224,0,14,space,0.4704816001467407,None,200,1,[2.853964600013569],[2.853984700050205],14,0,224,15,1185.7915773999412,,1185.7770466001239,1185.7915773999412,1186.791892600013,1186.791892600013,1186.791892600013,1187.275726800086,space,0.4704816001467407,None,1187.276846599998,1187.69055016671,1188.0043756000232,1187.9909838999156,1187.9917894999962,1188.0043756000232,1188.0043756000232,1188.0043756000232,1190.8588626999408,200,1,[2.853964600013569],[2.853984700050205],participant_1,001,2025-11-13_15h09.20.907,Deeya Intentional Binding,,2025.1.1,60.18404280301539,2025-11-13 15h09.38.921727 +0530,
0.1,1000,exp,225,1,14,space,0.22917489986866713,None,190,1,[4.672304499894381],[4.672317699994892],14,1,225,9,1190.874222500017,,1190.8592840000056,1190.874222500017,1191.8747231001034,1191.8747231001034,1191.8747231001034,1192.109883399913,space,0.22917489986866713,None,1192.1108953000512,1192.2247670666004,1192.536517099943,1192.5238918999676,1192.524509199895,1192.536517099943,1192.536517099943,1192.536517099943,1197.2092528999783,190,1,[4.672304499894381],[4.672317699994892],participant_1,001,2025-11-13_15h09.20.907,Deeya Intentional Binding,,2025.1.1,60.18404280301539,2025-11-13 15h09.38.921727 +0530,
0.7,1000,exp,226,2,14,space,0.34736980008892715,None,200,1,[2.856843499932438],[2.856859599938616],14,2,226,5,1197.22452779999,,1197.2096480999608,1197.22452779999,1198.2230461,1198.2230461,1198.2411839000415,1198.5758998999372,space,0.34736980008892715,None,1198.577123099938,1199.2905186666796,1199.6025578000117,1199.5880964000244,1199.58900310006,1199.6025578000117,1199.6025578000117,1199.6025578000117,1202.4598743000533,200,1,[2.856843499932438],[2.856859599938616],participant_1,001,2025-11-13_15h09.20.907,Deeya Intentional Binding,,2025.1.1,60.18404280301539,2025-11-13 15h09.38.921727 +0530,
0.4,1000,exp,227,3,14,space,0.20399920013733208,None,200,1,[1.93249940010719],[1.9325101000722498],14,3,227,4,1202.4743631999008,,1202.460253499914,1202.4743631999008,1203.4752281999681,1203.4752281999681,1203.4752281999681,1203.6910500999074,space,0.20399920013733208,None,1203.6916253999807,1204.0901342665932,1204.408524400089,1204.3954606000334,1204.3960951000918,1204.408524400089,1204.408524400089,1204.408524400089,1206.3415594999678,200,1,[1.93249940010719],[1.9325101000722498],participant_1,001,2025-11-13_15h09.20.907,Deeya Intentional Binding,,2025.1.1,60.18404280301539,2025-11-13 15h09.38.921727 +0530,
0.1,1000,exp,228,4,14,space,0.23520669993013144,None,200,1,[3.752884600078687],[3.7529001000802964],14,4,228,6,1206.3571397999767,,1206.341869099997,1206.3571397999767,1207.3415753999725,1207.3415753999725,1207.3573106001131,1207.5923655999359,space,0.23520669993013144,None,1207.5934427999891,1207.6916121666475,1208.0060558000114,1207.993388199946,1207.993981699925,1208.0060558000114,1208.0060558000114,1208.0060558000114,1211.7594163999893,200,1,[3.752884600078687],[3.7529001000802964],participant_1,001,2025-11-13_15h09.20.907,Deeya Intentional Binding,,2025.1.1,60.18404280301539,2025-11-13 15h09.38.921727 +0530,
0.7,1000,unexp,229,5,14,space,0.5499379998072982,None,400,1,[2.786537299863994],[2.786555300001055],14,5,229,14,1211.775222999975,,1211.7598230999429,1211.775222999975,1212.7748553000856,1212.7748553000856,1212.7748553000856,1213.325886500068,space,0.5499379998072982,None,1213.3269885000773,1214.0413219666264,1214.3564858001191,1214.3434540999588,1214.3440245001111,1214.3564858001191,1214.3564858001191,1214.3564858001191,1217.1435603001155,400,1,[2.786537299863994],[2.786555300001055],participant_1,001,2025-11-13_15h09.20.907,Deeya Intentional Binding,,2025.1.1,60.18404280301539,2025-11-13 15h09.38.921727 +0530,
0.4,400,exp,230,6,14,space,0.15549429995007813,None,300,1,[2.135808100225404],[2.135824400000274],14,6,230,13,1217.157567099901,,1217.1439749998972,1217.157567099901,1218.1571430000477,1218.1571430000477,1218.1571430000477,1218.3261728999205,space,0.15549429995007813,None,1218.3272969999816,1218.7413553666013,1219.0558770999778,1219.0439102998935,1219.044479999924,1219.0558770999778,1219.0558770999778,1219.0558770999778,1221.1922263999004,300,1,[2.135808100225404],[2.135824400000274],participant_1,001,2025-11-13_15h09.20.907,Deeya Intentional Binding,,2025.1.1,60.18404280301539,2025-11-13 15h09.38.921727 +0530,
0.7,400,unexp,231,7,14,space,0.012450400041416287,None,300,1,[2.4698967000003904],[2.4699041000567377],14,7,231,2,1221.2079354999587,,1221.1927416999824,1221.2079354999587,1222.2074239000212,1222.2074239000212,1222.2074239000212,1222.225097999908,space,0.012450400041416287,None,1222.22621480003,1222.941276866772,1223.2535306999926,1223.2379697998986,1223.2393587999977,1223.2535306999926,1223.2535306999926,1223.2535306999926,1225.7237502001226,300,1,[2.4698967000003904],[2.4699041000567377],participant_1,001,2025-11-13_15h09.20.907,Deeya Intentional Binding,,2025.1.1,60.18404280301539,2025-11-13 15h09.38.921727 +0530,
0.7,1000,exp,232,8,14,space,0.2506303999107331,None,500,1,[2.408892299979925],[2.4089069000910968],14,8,232,11,1225.7394226000179,,1225.7239878999535,1225.7394226000179,1226.7241158999968,1226.7241158999968,1226.7409121999517,1226.9915402999613,space,0.2506303999107331,None,1226.9925132000353,1227.6906228666815,1227.9990244000219,1227.9866255000234,1227.9872894000728,1227.9990244000219,1227.9990244000219,1227.9990244000219,1230.408357599983,500,1,[2.408892299979925],[2.4089069000910968],participant_1,001,2025-11-13_15h09.20.907,Deeya Intentional Binding,,2025.1.1,60.18404280301539,2025-11-13 15h09.38.921727 +0530,
0.4,400,unexp,233,9,14,space,0.3117251000367105,None,400,1,[3.2502234000712633],[3.250242100097239],14,9,233,1,1230.4230557999108,,1230.4086839999072,1230.4230557999108,1231.4082655000966,1231.4082655000966,1231.424428400118,1231.726413300028,space,0.3117251000367105,None,1231.7274225000292,1232.1411577666333,1232.457361199893,1232.4462554999627,1232.4466480999254,1232.457361199893,1232.457361199893,1232.457361199893,1235.7081087001134,400,1,[3.2502234000712633],[3.250242100097239],participant_1,001,2025-11-13_15h09.20.907,Deeya Intentional Binding,,2025.1.1,60.18404280301539,2025-11-13 15h09.38.921727 +0530,
0.7,1000,exp,234,10,14,space,1.070653900038451,None,300,1,[5.58671659999527],[5.5867304999846965],14,10,234,8,1235.7224888000637,,1235.7085955000948,1235.7224888000637,1236.7243476000149,1236.7243476000149,1236.7243476000149,1237.808471400058,space,1.070653900038451,None,1237.8096759000327,1238.5250951667006,1238.8383283999283,1238.825736100087,1238.8263970999978,1238.8383283999283,1238.8383283999283,1238.8383283999283,1244.4254912999459,300,1,[5.58671659999527],[5.5867304999846965],participant_1,001,2025-11-13_15h09.20.907,Deeya Intentional Binding,,2025.1.1,60.18404280301539,2025-11-13 15h09.38.921727 +0530,
0.4,1000,exp,235,11,14,space,1.5678843997884542,None,100,1,[4.353833799948916],[4.353851299965754],14,11,235,7,1244.4403868000954,,1244.4258735000622,1244.4403868000954,1245.440812899964,1245.440812899964,1245.440812899964,1247.024677499896,space,1.5678843997884542,None,1247.0256789999548,1247.4407053667276,1247.7708688999992,1247.7464656000957,1247.746904999949,1247.7708688999992,1247.7708688999992,1247.7708688999992,1252.12520879996,100,1,[4.353833799948916],[4.353851299965754],participant_1,001,2025-11-13_15h09.20.907,Deeya Intentional Binding,,2025.1.1,60.18404280301539,2025-11-13 15h09.38.921727 +0530,
0.1,400,exp,236,12,14,space,0.6406215000897646,None,200,1,[6.017835499951616],[6.017842400120571],14,12,236,12,1252.1408575000241,,1252.125675499905,1252.1408575000241,1253.1235744000878,1253.1235744000878,1253.1403822998982,1253.772988300072,space,0.6406215000897646,None,1253.7735747999977,1253.87276816677,1254.1890650000423,1254.1760621001013,1254.1771780001,1254.1890650000423,1254.1890650000423,1254.1890650000423,1260.2071740999818,200,1,[6.017835499951616],[6.017842400120571],participant_1,001,2025-11-13_15h09.20.907,Deeya Intentional Binding,,2025.1.1,60.18404280301539,2025-11-13 15h09.38.921727 +0530,
0.4,1000,exp,237,13,14,space,0.7344774999655783,None,100,1,[6.118452199967578],[6.118458800017834],14,13,237,10,1260.222726299893,,1260.2073717999738,1260.222726299893,1261.2071487999056,1261.2071487999056,1261.2247013000306,1261.9579296000302,space,0.7344774999655783,None,1261.9590288000181,1262.3740927666115,1262.6878740999382,1262.675018799957,1262.675602500094,1262.6878740999382,1262.6878740999382,1262.6878740999382,1268.8066118001007,100,1,[6.118452199967578],[6.118458800017834],participant_1,001,2025-11-13_15h09.20.907,Deeya Intentional Binding,,2025.1.1,60.18404280301539,2025-11-13 15h09.38.921727 +0530,
0.1,1000,exp,238,14,14,space,0.3949561999179423,None,100,1,[3.2879820000380278],[3.2879986001644284],14,14,238,3,1268.82305180002,,1268.806819499936,1268.82305180002,1269.8073746999726,1269.8073746999726,1269.822501800023,1270.2077258001082,space,0.3949561999179423,None,1270.2087942000944,1270.3233470665912,1270.6540177999996,1270.6279911000747,1270.6285753999837,1270.6540177999996,1270.6540177999996,1270.6540177999996,1273.9424926000647,100,1,[3.2879820000380278],[3.2879986001644284],participant_1,001,2025-11-13_15h09.20.907,Deeya Intentional Binding,,2025.1.1,60.18404280301539,2025-11-13 15h09.38.921727 +0530,
0.1,400,unexp,239,15,14,space,0.24452379997819662,None,100,1,[2.2860165999736637],[2.286030200077221],14,15,239,0,1273.9565806000028,,1273.9429442998953,1273.9565806000028,1274.957038700115,1274.957038700115,1274.957038700115,1275.2069705000613,space,0.24452379997819662,None,1275.208045199979,1275.3067046667604,1275.6210992000997,1275.6069561999757,1275.6076092999429,1275.6210992000997,1275.6210992000997,1275.6210992000997,1277.907555700047,100,1,[2.2860165999736637],[2.286030200077221],participant_1,001,2025-11-13_15h09.20.907,Deeya Intentional Binding,,2025.1.1,60.18404280301539,2025-11-13 15h09.38.921727 +0530,
0.7,1000,exp,240,0,15,space,0.26099750003777444,None,200,1,[1.9765840999316424],[1.976594999898225],15,0,240,8,1277.9223259000573,,1277.9079340000171,1277.9223259000573,1278.9065855999943,1278.9065855999943,1278.9244383000769,1279.1741037000902,space,0.26099750003777444,None,1279.175411199918,1279.8889467665615,1280.1972902000416,1280.1835368000902,1280.1842815000564,1280.1972902000416,1280.1972902000416,1280.1972902000416,1282.1742368999403,200,1,[1.9765840999316424],[1.976594999898225],participant_1,001,2025-11-13_15h09.20.907,Deeya Intentional Binding,,2025.1.1,60.18404280301539,2025-11-13 15h09.38.921727 +0530,
0.1,1000,exp,241,1,15,space,0.282589599955827,None,100,1,[2.2219371998216957],[2.2219502998050302],15,1,241,9,1282.1894823000766,,1282.174537200015,1282.1894823000766,1283.1885587999132,1283.1885587999132,1283.1885587999132,1283.4726513000205,space,0.282589599955827,None,1283.4734308000188,1283.5720761665764,1283.8856983999722,1283.8720978000201,1283.8730464000255,1283.8856983999722,1283.8856983999722,1283.8856983999722,1286.1080764001235,100,1,[2.2219371998216957],[2.2219502998050302],participant_1,001,2025-11-13_15h09.20.907,Deeya Intentional Binding,,2025.1.1,60.18404280301539,2025-11-13 15h09.38.921727 +0530,
0.1,1000,exp,242,2,15,space,0.27664449997246265,None,100,1,[1.9864763000514358],[1.986490499926731],15,2,242,6,1286.1233842000365,,1286.108468899969,1286.1233842000365,1287.1234365000855,1287.1234365000855,1287.1234365000855,1287.4071124000475,space,0.27664449997246265,None,1287.408203799976,1287.5216005666337,1287.8381670000963,1287.8266511000693,1287.8272045999765,1287.8381670000963,1287.8381670000963,1287.8381670000963,1289.8250851999037,100,1,[1.9864763000514358],[1.986490499926731],participant_1,001,2025-11-13_15h09.20.907,Deeya Intentional Binding,,2025.1.1,60.18404280301539,2025-11-13 15h09.38.921727 +0530,
0.4,400,exp,243,3,15,space,0.18179720011539757,None,190,1,[2.7743113997858018],[2.774320099968463],15,3,243,13,1289.840180200059,,1289.8254668998998,1289.840180200059,1290.8388594998978,1290.8388594998978,1290.8554283999838,1291.0242244000547,space,0.18179720011539757,None,1291.0252578000072,1291.4396426666683,1291.7490298999473,1291.7346121000592,1291.7352072000504,1291.7490298999473,1291.7490298999473,1291.7490298999473,1294.5236649001017,190,1,[2.7743113997858018],[2.774320099968463],participant_1,001,2025-11-13_15h09.20.907,Deeya Intentional Binding,,2025.1.1,60.18404280301539,2025-11-13 15h09.38.921727 +0530,
0.4,400,unexp,244,4,15,space,0.16152719990350306,None,200,1,[3.845030799973756],[3.845047499984503],15,4,244,1,1294.5394814999308,,1294.5239186000545,1294.5394814999308,1295.5232643999625,1295.5232643999625,1295.5396273001097,1295.690872099949,space,0.16152719990350306,None,1295.6922957000788,1296.1053957667357,1296.4130194999743,1296.4035714999773,1296.404011100065,1296.4130194999743,1296.4130194999743,1296.4130194999743,1300.258543400094,200,1,[3.845030799973756],[3.845047499984503],participant_1,001,2025-11-13_15h09.20.907,Deeya Intentional Binding,,2025.1.1,60.18404280301539,2025-11-13 15h09.38.921727 +0530,
0.1,1000,exp,245,5,15,space,0.3455910000484437,None,100,1,[4.573432399891317],[4.573442399967462],15,5,245,3,1300.2718209999148,,1300.2589757000096,1300.2718209999148,1301.272754699923,1301.272754699923,1301.272754699923,1301.6237786998972,space,0.3455910000484437,None,1301.6250320000108,1301.7393265667527,1302.049576099962,1302.0361343999393,1302.036883499939,1302.049576099962,1302.049576099962,1302.049576099962,1306.623381699901,100,1,[4.573432399891317],[4.573442399967462],participant_1,001,2025-11-13_15h09.20.907,Deeya Intentional Binding,,2025.1.1,60.18404280301539,2025-11-13 15h09.38.921727 +0530,
0.1,400,exp,246,6,15,space,0.24369350005872548,None,100,1,[2.1371348998509347],[2.1371516999788582],15,6,246,12,1306.6382003000472,,1306.623668299988,1306.6382003000472,1307.622669900069,1307.622669900069,1307.6395634000655,1307.8732986999676,space,0.24369350005872548,None,1307.8743179999292,1307.9731061666428,1308.3046347000636,1308.279369099997,1308.2799901999533,1308.3046347000636,1308.3046347000636,1308.3046347000636,1310.4422864001244,100,1,[2.1371348998509347],[2.1371516999788582],participant_1,001,2025-11-13_15h09.20.907,Deeya Intentional Binding,,2025.1.1,60.18404280301539,2025-11-13 15h09.38.921727 +0530,
0.4,1000,exp,247,7,15,space,0.26235030009411275,None,200,1,[4.421183800091967],[4.4211973999626935],15,7,247,10,1310.4561884000432,,1310.4427195999306,1310.4561884000432,1311.4562979999464,1311.4562979999464,1311.4562979999464,1311.7251009999309,space,0.26235030009411275,None,1311.7263643001206,1312.1394696667014,1312.451885699993,1312.4365997000132,1312.4373780000024,1312.451885699993,1312.451885699993,1312.451885699993,1316.873525999952,200,1,[4.421183800091967],[4.4211973999626935],participant_1,001,2025-11-13_15h09.20.907,Deeya Intentional Binding,,2025.1.1,60.18404280301539,2025-11-13 15h09.38.921727 +0530,
0.1,400,unexp,248,8,15,space,0.29832460009492934,None,100,1,[2.9735532999038696],[2.973562099970877],15,8,248,0,1316.888377299998,,1316.873910000082,1316.888377299998,1317.889447200112,1317.889447200112,1317.889447200112,1318.1900102000218,space,0.29832460009492934,None,1318.191155999899,1318.2895285667075,1318.5994907000568,1318.5861213000026,1318.5868552001193,1318.5994907000568,1318.5994907000568,1318.5994907000568,1321.5733807000797,100,1,[2.9735532999038696],[2.973562099970877],participant_1,001,2025-11-13_15h09.20.907,Deeya Intentional Binding,,2025.1.1,60.18404280301539,2025-11-13 15h09.38.921727 +0530,
0.4,1000,exp,249,9,15,space,0.3393226999323815,None,200,1,[2.9359818999655545],[2.9359984998591244],15,9,249,4,1321.5882663000375,,1321.5736132001039,1321.5882663000375,1322.5719246000517,1322.5719246000517,1322.5884452001192,1322.9233532999642,space,0.3393226999323815,None,1322.9244443001226,1323.3226701666756,1323.638126600068,1323.6243000999093,1323.6248965000268,1323.638126600068,1323.638126600068,1323.638126600068,1326.5745880999602,200,1,[2.9359818999655545],[2.9359984998591244],participant_1,001,2025-11-13_15h09.20.907,Deeya Intentional Binding,,2025.1.1,60.18404280301539,2025-11-13 15h09.38.921727 +0530,
0.4,1000,unexp,250,10,15,space,0.324230499798432,None,200,1,[3.2708670999854803],[3.2708847001194954],15,10,250,15,1326.5891072000377,,1326.5749608001206,1326.5891072000377,1327.5883283999283,1327.5883283999283,1327.5883283999283,1327.9220620999113,space,0.324230499798432,None,1327.9228839001153,1328.3217942666417,1328.6366932000965,1328.6237723000813,1328.6243352000602,1328.6366932000965,1328.6366932000965,1328.6366932000965,1331.9080535999965,200,1,[3.2708670999854803],[3.2708847001194954],participant_1,001,2025-11-13_15h09.20.907,Deeya Intentional Binding,,2025.1.1,60.18404280301539,2025-11-13 15h09.38.921727 +0530,
0.7,1000,exp,251,11,15,space,0.06028810003772378,None,100,1,[4.175668200012296],[4.175685799913481],15,11,251,5,1331.922243299894,,1331.9084572999272,1331.922243299894,1332.9226913000457,1332.9226913000457,1332.9226913000457,1332.9894894999452,space,0.06028810003772378,None,1332.9905133000575,1333.688994066619,1333.9966384998988,1333.9835868999362,1333.9844931000844,1333.9966384998988,1333.9966384998988,1333.9966384998988,1338.1729150000028,100,1,[4.175668200012296],[4.175685799913481],participant_1,001,2025-11-13_15h09.20.907,Deeya Intentional Binding,,2025.1.1,60.18404280301539,2025-11-13 15h09.38.921727 +0530,
0.7,1000,exp,252,12,15,space,0.33026070008054376,None,190,1,[1.3890708000399172],[1.3890849999152124],15,12,252,11,1338.187992400024,,1338.173466600012,1338.187992400024,1339.171547499951,1339.171547499951,1339.187750000041,1339.5070843999274,space,0.33026070008054376,None,1339.5081627001055,1340.2229288665733,1340.5337942999322,1340.522028699983,1340.5238975000102,1340.5337942999322,1340.5337942999322,1340.5337942999322,1341.9233349999413,190,1,[1.3890708000399172],[1.3890849999152124],participant_1,001,2025-11-13_15h09.20.907,Deeya Intentional Binding,,2025.1.1,60.18404280301539,2025-11-13 15h09.38.921727 +0530,
0.4,1000,exp,253,13,15,space,0.259295399999246,None,300,1,[1.2587132998742163],[1.2587295998819172],15,13,253,7,1341.9387173000723,,1341.9237337999512,1341.9387173000723,1342.9223201998975,1342.9223201998975,1342.939009499969,1343.1881792999338,space,0.259295399999246,None,1343.189013000112,1343.58807166672,1343.8982851000037,1343.884429299971,1343.8851236000191,1343.8982851000037,1343.8982851000037,1343.8982851000037,1345.1575488999952,300,1,[1.2587132998742163],[1.2587295998819172],participant_1,001,2025-11-13_15h09.20.907,Deeya Intentional Binding,,2025.1.1,60.18404280301539,2025-11-13 15h09.38.921727 +0530,
0.7,1000,unexp,254,14,15,space,0.040429200045764446,None,400,1,[5.100926000159234],[5.1009427001699805],15,14,254,14,1345.17212569993,,1345.1579899000935,1345.17212569993,1346.1721934000961,1346.1721934000961,1346.1721934000961,1346.223063699901,space,0.040429200045764446,None,1346.2240991001017,1346.922396566781,1347.2381903000642,1347.2261042001192,1347.2266512000933,1347.2381903000642,1347.2381903000642,1347.2381903000642,1352.339670700021,400,1,[5.100926000159234],[5.1009427001699805],participant_1,001,2025-11-13_15h09.20.907,Deeya Intentional Binding,,2025.1.1,60.18404280301539,2025-11-13 15h09.38.921727 +0530,
0.7,400,unexp,255,15,15,space,0.21775200008414686,None,500,1,[3.8075512000359595],[3.8075646001379937],15,15,255,2,1352.3554225000553,,1352.340114899911,1352.3554225000553,1353.3562290000264,1353.3562290000264,1353.3562290000264,1353.5881864998955,space,0.21775200008414686,None,1353.5889858000446,1354.2881379665962,1354.5974830000196,1354.5837656999938,1354.5845059999265,1354.5974830000196,1354.5974830000196,1354.5974830000196,1358.4054982999805,500,1,[3.8075512000359595],[3.8075646001379937],participant_1,001,2025-11-13_15h09.20.907,Deeya Intentional Binding,,2025.1.1,60.18404280301539,2025-11-13 15h09.38.921727 +0530,
0.1,400,exp,256,0,16,space,0.25178779987618327,None,300,1,[2.5249441999476403],[2.5249547997955233],16,0,256,12,1358.4213274000213,,1358.4058872999158,1358.4213274000213,1359.4211069999728,1359.4211069999728,1359.4211069999728,1359.6881671999581,space,0.25178779987618327,None,1359.688815600006,1359.787489066661,1360.0979015999474,1360.0844608999323,1360.0852467999794,1360.0979015999474,1360.0979015999474,1360.0979015999474,1362.6232135999016,300,1,[2.5249441999476403],[2.5249547997955233],participant_1,001,2025-11-13_15h09.20.907,Deeya Intentional Binding,,2025.1.1,60.18404280301539,2025-11-13 15h09.38.921727 +0530,
0.7,1000,unexp,257,1,16,space,0.12799920001998544,None,300,1,[1.7391659999266267],[1.7391806999221444],16,1,257,14,1362.638550200034,,1362.6234979999717,1362.638550200034,1363.6373932999559,1363.6373932999559,1363.6373932999559,1363.7723564999178,space,0.12799920001998544,None,1363.7734064999968,1364.472007866778,1364.7828993001021,1364.774594699964,1364.7749415000435,1364.7828993001021,1364.7828993001021,1364.7828993001021,1366.5224999000784,300,1,[1.7391659999266267],[1.7391806999221444],participant_1,001,2025-11-13_15h09.20.907,Deeya Intentional Binding,,2025.1.1,60.18404280301539,2025-11-13 15h09.38.921727 +0530,
0.7,1000,exp,258,2,16,space,0.17996750003658235,None,400,1,[1.8016936001367867],[1.8017148999497294],16,2,258,8,1366.5379959000275,,1366.5229031001218,1366.5379959000275,1367.520798200043,1367.520798200043,1367.5376017000526,1367.7049986000638,space,0.17996750003658235,None,1367.7060251000803,1368.4051423667154,1368.7205044000875,1368.7065707999282,1368.7071362000424,1368.7205044000875,1368.7205044000875,1368.7205044000875,1370.5226592000108,400,1,[1.8016936001367867],[1.8017148999497294],participant_1,001,2025-11-13_15h09.20.907,Deeya Intentional Binding,,2025.1.1,60.18404280301539,2025-11-13 15h09.38.921727 +0530,
0.4,1000,exp,259,3,16,space,0.16530360002070665,None,200,1,[2.5258837998844683],[2.525902699911967],16,3,259,4,1370.5378598999232,,1370.523040200118,1370.5378598999232,1371.522112299921,1371.522112299921,1371.5383802000433,1371.688459499972,space,0.16530360002070665,None,1371.6893961001188,1372.1038161665822,1372.415454100119,1372.4030452000443,1372.4036288999487,1372.415454100119,1372.415454100119,1372.415454100119,1374.9418828999624,200,1,[2.5258837998844683],[2.525902699911967],participant_1,001,2025-11-13_15h09.20.907,Deeya Intentional Binding,,2025.1.1,60.18404280301539,2025-11-13 15h09.38.921727 +0530,
0.4,400,unexp,260,4,16,space,0.8266231999732554,None,400,1,[2.520281500183046],[2.520303300116211],16,4,260,1,1374.9569969999138,,1374.942376299994,1374.9569969999138,1375.9558039999101,1375.9558039999101,1375.9730420999695,1376.7905615000054,space,0.8266231999732554,None,1376.791994899977,1377.1902274666975,1377.504755300004,1377.4866478000768,1377.4886586000212,1377.504755300004,1377.504755300004,1377.504755300004,1380.0256829999853,400,1,[2.520281500183046],[2.520303300116211],participant_1,001,2025-11-13_15h09.20.907,Deeya Intentional Binding,,2025.1.1,60.18404280301539,2025-11-13 15h09.38.921727 +0530,
0.1,1000,exp,261,5,16,space,0.26511389994993806,None,200,1,[2.085089100059122],[2.0851000000257045],16,5,261,6,1380.0394142000005,,1380.0261973000597,1380.0394142000005,1381.0397741999477,1381.0397741999477,1381.0397741999477,1381.3084784001112,space,0.26511389994993806,None,1381.310163399903,1381.423064166742,1381.7375785999466,1381.723587400047,1381.7243480999023,1381.7375785999466,1381.7375785999466,1381.7375785999466,1383.8230397999287,200,1,[2.085089100059122],[2.0851000000257045],participant_1,001,2025-11-13_15h09.20.907,Deeya Intentional Binding,,2025.1.1,60.18404280301539,2025-11-13 15h09.38.921727 +0530,
0.7,1000,exp,262,6,16,space,0.167464500060305,None,300,1,[2.3487267999444157],[2.3487453998532146],16,6,262,11,1383.8384742999915,,1383.823310200125,1383.8384742999915,1384.8369404000696,1384.8369404000696,1384.8369404000696,1385.0054848000873,space,0.167464500060305,None,1385.0062122000381,1385.7052727665907,1386.0236563999206,1386.0089271001052,1386.0095071000978,1386.0236563999206,1386.0236563999206,1386.0236563999206,1388.3729421999305,300,1,[2.3487267999444157],[2.3487453998532146],participant_1,001,2025-11-13_15h09.20.907,Deeya Intentional Binding,,2025.1.1,60.18404280301539,2025-11-13 15h09.38.921727 +0530,
0.4,400,exp,263,7,16,space,0.1425469999667257,None,300,1,[3.7906492000911385],[3.790666500106454],16,7,263,13,1388.3882144000381,,1388.3734337999485,1388.3882144000381,1389.3870488998946,1389.3870488998946,1389.403572200099,1389.5378445000388,space,0.1425469999667257,None,1389.5387031000573,1389.9371319667591,1390.2498598000966,1390.2371537999716,1390.2376514000352,1390.2498598000966,1390.2498598000966,1390.2498598000966,1394.0410963001195,300,1,[3.7906492000911385],[3.790666500106454],participant_1,001,2025-11-13_15h09.20.907,Deeya Intentional Binding,,2025.1.1,60.18404280301539,2025-11-13 15h09.38.921727 +0530,
0.1,400,unexp,264,8,16,space,0.21347550000064075,None,300,1,[12.45430690003559],[12.454326099948958],16,8,264,0,1394.0558154999744,,1394.0415622999426,1394.0558154999744,1395.0548737000208,1395.0548737000208,1395.0548737000208,1395.2733032999095,space,0.21347550000064075,None,1395.274686699966,1395.388255366652,1395.7035389000084,1395.6882337001152,1395.6890255000908,1395.7035389000084,1395.7035389000084,1395.7035389000084,1408.1584548000246,300,1,[12.45430690003559],[12.454326099948958],participant_1,001,2025-11-13_15h09.20.907,Deeya Intentional Binding,,2025.1.1,60.18404280301539,2025-11-13 15h09.38.921727 +0530,
0.4,1000,exp,265,9,16,space,0.24902780004777014,None,100,1,[3.3400665000081062],[3.3400842999108136],16,9,265,10,1408.172539500054,,1408.1589462999254,1408.172539500054,1409.1727682999335,1409.1727682999335,1409.1727682999335,1409.4247806000058,space,0.24902780004777014,None,1409.42626200011,1409.8394820667493,1410.1515591000207,1410.1370143999811,1410.1378419999965,1410.1515591000207,1410.1515591000207,1410.1515591000207,1413.4923270000145,100,1,[3.3400665000081062],[3.3400842999108136],participant_1,001,2025-11-13_15h09.20.907,Deeya Intentional Binding,,2025.1.1,60.18404280301539,2025-11-13 15h09.38.921727 +0530,
0.1,1000,exp,266,10,16,space,1.3295221000444144,None,100,1,[3.005531899863854],[3.005549900000915],16,10,266,3,1413.5060815000907,,1413.4927825999912,1413.5060815000907,1414.504378200043,1414.504378200043,1414.5214817000087,1415.8410036000423,space,1.3295221000444144,None,1415.8424811000004,1415.9563974666564,1416.2687685999554,1416.2528059999458,1416.254189300118,1416.2687685999554,1416.2687685999554,1416.2687685999554,1419.2748807000462,100,1,[3.005531899863854],[3.005549900000915],participant_1,001,2025-11-13_15h09.20.907,Deeya Intentional Binding,,2025.1.1,60.18404280301539,2025-11-13 15h09.38.921727 +0530,
0.4,1000,unexp,267,11,16,space,0.25013309996575117,None,200,1,[1.8365199998952448],[1.8365442999638617],16,11,267,15,1419.288686200045,,1419.2753516999073,1419.288686200045,1420.288562899921,1420.288562899921,1420.288562899921,1420.5401361000258,space,0.25013309996575117,None,1420.542187700048,1420.939734166783,1421.2527797000948,1421.2407800999936,1421.241165699903,1421.2527797000948,1421.2527797000948,1421.2527797000948,1423.089857300045,200,1,[1.8365199998952448],[1.8365442999638617],participant_1,001,2025-11-13_15h09.20.907,Deeya Intentional Binding,,2025.1.1,60.18404280301539,2025-11-13 15h09.38.921727 +0530,
0.7,1000,exp,268,12,16,space,0.18637630017474294,None,100,1,[2.1860031001269817],[2.1860265000723302],16,12,268,5,1423.1059608000796,,1423.0903475000523,1423.1059608000796,1424.0888747000135,1424.0888747000135,1424.1064122999087,1424.2900270998944,space,0.18637630017474294,None,1424.2915890000295,1425.00436846662,1425.3223008001223,1425.3079184999224,1425.3086971000303,1425.3223008001223,1425.3223008001223,1425.3223008001223,1427.5089147000108,100,1,[2.1860031001269817],[2.1860265000723302],participant_1,001,2025-11-13_15h09.20.907,Deeya Intentional Binding,,2025.1.1,60.18404280301539,2025-11-13 15h09.38.921727 +0530,
0.7,400,unexp,269,13,16,space,0.21244899998418987,None,200,1,[1.749434099998325],[1.7494518999010324],16,13,269,2,1427.5218285999727,,1427.5093970999587,1427.5218285999727,1428.5228339000605,1428.5228339000605,1428.5228339000605,1428.740125299897,space,0.21244899998418987,None,1428.7415326000191,1429.439339866691,1429.7572898999788,1429.7417605000082,1429.7425774999429,1429.7572898999788,1429.7572898999788,1429.7572898999788,1431.5072439999785,200,1,[1.749434099998325],[1.7494518999010324],participant_1,001,2025-11-13_15h09.20.907,Deeya Intentional Binding,,2025.1.1,60.18404280301539,2025-11-13 15h09.38.921727 +0530,
0.4,1000,exp,270,14,16,space,0.46335499989800155,None,100,1,[2.906195600051433],[2.9062169000972062],16,14,270,7,1431.5220808000304,,1431.5076508999337,1431.5220808000304,1432.52091620001,1432.52091620001,1432.52091620001,1432.991320699919,space,0.46335499989800155,None,1432.992530999938,1433.4060258665743,1433.7353187000845,1433.7064511999488,1433.7073292999994,1433.7353187000845,1433.7353187000845,1433.7353187000845,1436.642101299949,100,1,[2.906195600051433],[2.9062169000972062],participant_1,001,2025-11-13_15h09.20.907,Deeya Intentional Binding,,2025.1.1,60.18404280301539,2025-11-13 15h09.38.921727 +0530,
0.1,1000,exp,271,15,16,space,0.23532680002972484,None,200,1,[3.223473499994725],[3.2234851999673992],16,15,271,9,1436.6563826999627,,1436.6425781999715,1436.6563826999627,1437.6540689000394,1437.6540689000394,1437.6540689000394,1437.9057583000977,space,0.23532680002972484,None,1437.9067067999858,1438.022503366756,1438.3321167000104,1438.3160165001173,1438.3167421999387,1438.3321167000104,1438.3321167000104,1438.3321167000104,1441.5560296000913,200,1,[3.223473499994725],[3.2234851999673992],participant_1,001,2025-11-13_15h09.20.907,Deeya Intentional Binding,,2025.1.1,60.18404280301539,2025-11-13 15h09.38.921727 +0530,
0.7,1000,exp,272,0,17,space,0.3235532999970019,None,200,1,[3.640750699909404],[3.640774199971929],17,0,272,8,1441.570953000104,,1441.5563592000399,1441.570953000104,1442.5564331000205,1442.5564331000205,1442.5717978000175,1442.889573900029,space,0.3235532999970019,None,1442.8908631000668,1443.5889820666673,1443.8976769000292,1443.881911000004,1443.882563299965,1443.8976769000292,1443.8976769000292,1443.8976769000292,1447.5390302001033,200,1,[3.640750699909404],[3.640774199971929],participant_1,001,2025-11-13_15h09.20.907,Deeya Intentional Binding,,2025.1.1,60.18404280301539,2025-11-13 15h09.38.921727 +0530,
0.7,1000,exp,273,1,17,space,0.22645970014855266,None,100,1,[3.0388226001523435],[3.0388408999424428],17,1,273,5,1447.5548839000985,,1447.5395078000147,1447.5548839000985,1448.5389129999094,1448.5389129999094,1448.555434799986,1448.7735649000388,space,0.22645970014855266,None,1448.7750790000428,1449.4886002666938,1449.8007511999458,1449.78638090007,1449.787282400066,1449.8007511999458,1449.8007511999458,1449.8007511999458,1452.8401717001107,100,1,[3.0388226001523435],[3.0388408999424428],participant_1,001,2025-11-13_15h09.20.907,Deeya Intentional Binding,,2025.1.1,60.18404280301539,2025-11-13 15h09.38.921727 +0530,
0.4,1000,unexp,274,2,17,space,0.4647597000002861,None,300,1,[4.77629950013943],[4.776320400182158],17,2,274,15,1452.8547596000135,,1452.8406416999642,1452.8547596000135,1453.8547948000487,1453.8547948000487,1453.8547948000487,1454.3246575999074,space,0.4647597000002861,None,1454.326331099961,1454.7381994666687,1455.045876200078,1455.0339168999344,1455.0350285999011,1455.045876200078,1455.045876200078,1455.045876200078,1459.822736900067,300,1,[4.77629950013943],[4.776320400182158],participant_1,001,2025-11-13_15h09.20.907,Deeya Intentional Binding,,2025.1.1,60.18404280301539,2025-11-13 15h09.38.921727 +0530,
0.7,400,unexp,275,3,17,space,0.11082260007970035,None,300,1,[2.0211390999611467],[2.02115450007841],17,3,275,2,1459.8386603000108,,1459.8232309001032,1459.8386603000108,1460.8381026000716,1460.8381026000716,1460.8381026000716,1460.9569959999062,space,0.11082260007970035,None,1460.9584073000588,1461.6692273666306,1461.984460500069,1461.9655857000034,1461.9663015000988,1461.984460500069,1461.984460500069,1461.984460500069,1464.006138900062,300,1,[2.0211390999611467],[2.02115450007841],participant_1,001,2025-11-13_15h09.20.907,Deeya Intentional Binding,,2025.1.1,60.18404280301539,2025-11-13 15h09.38.921727 +0530,
0.4,400,unexp,276,4,17,space,0.1723722000606358,None,300,1,[2.822686400031671],[2.822702300036326],17,4,276,1,1464.021379499929,,1464.006560199894,1464.021379499929,1465.0042435999494,1465.0042435999494,1465.021096300101,1465.1890704000834,space,0.1723722000606358,None,1465.1906495001167,1465.5884129666413,1465.9008971999865,1465.8834955000784,1465.884456800064,1465.9008971999865,1465.9008971999865,1465.9008971999865,1468.7241046999115,300,1,[2.822686400031671],[2.822702300036326],participant_1,001,2025-11-13_15h09.20.907,Deeya Intentional Binding,,2025.1.1,60.18404280301539,2025-11-13 15h09.38.921727 +0530,
0.4,1000,exp,277,5,17,space,0.2864105999469757,None,300,1,[2.069437100086361],[2.0694562001153827],17,5,277,10,1468.7383912999649,,1468.7245541000739,1468.7383912999649,1469.737118500052,1469.737118500052,1469.754306100076,1470.0396698999684,space,0.2864105999469757,None,1470.0413361999672,1470.4555299666865,1470.786376700038,1470.755699899979,1470.7565309000202,1470.786376700038,1470.786376700038,1470.786376700038,1472.8564093001187,300,1,[2.069437100086361],[2.0694562001153827],participant_1,001,2025-11-13_15h09.20.907,Deeya Intentional Binding,,2025.1.1,60.18404280301539,2025-11-13 15h09.38.921727 +0530,
0.4,1000,exp,278,6,17,space,0.20555800013244152,None,200,1,[2.7042708001099527],[2.7042960999533534],17,6,278,7,1472.870119899977,,1472.856824999908,1472.870119899977,1473.8707814000081,1473.8707814000081,1473.8707814000081,1474.0877670999616,space,0.20555800013244152,None,1474.0889343000017,1474.4889555667216,1474.8024665999692,1474.7851631001104,1474.7864347998984,1474.8024665999692,1474.8024665999692,1474.8024665999692,1477.5074964000378,200,1,[2.7042708001099527],[2.7042960999533534],participant_1,001,2025-11-13_15h09.20.907,Deeya Intentional Binding,,2025.1.1,60.18404280301539,2025-11-13 15h09.38.921727 +0530,
0.1,1000,exp,279,7,17,space,0.22774040000513196,None,200,1,[2.7723379000090063],[2.7723580000456423],17,7,279,9,1477.521533699939,,1477.5079471000936,1477.521533699939,1478.5203263999429,1478.5203263999429,1478.5203263999429,1478.756486499915,space,0.22774040000513196,None,1478.758019800065,1478.8716415665733,1479.1833883000072,1479.1678470000625,1479.169130800059,1479.1833883000072,1479.1833883000072,1479.1833883000072,1481.956341800047,200,1,[2.7723379000090063],[2.7723580000456423],participant_1,001,2025-11-13_15h09.20.907,Deeya Intentional Binding,,2025.1.1,60.18404280301539,2025-11-13 15h09.38.921727 +0530,
0.1,400,exp,280,8,17,space,0.3860683999955654,None,100,1,[4.035174600081518],[4.035192999988794],17,8,280,12,1481.9705904000439,,1481.956790199969,1481.9705904000439,1482.9705048000906,1482.9705048000906,1482.9705048000906,1483.3724994000513,space,0.3860683999955654,None,1483.3737866999581,1483.4879303665987,1483.8026173999533,1483.7848461000249,1483.7863177000545,1483.8026173999533,1483.8026173999533,1483.8026173999533,1487.8384046000428,100,1,[4.035174600081518],[4.035192999988794],participant_1,001,2025-11-13_15h09.20.907,Deeya Intentional Binding,,2025.1.1,60.18404280301539,2025-11-13 15h09.38.921727 +0530,
0.7,1000,exp,281,9,17,space,0.059216400142759085,None,200,1,[2.605629300000146],[2.6056471997871995],17,9,281,11,1487.8543016999029,,1487.8389127999544,1487.8543016999029,1488.8385143000633,1488.8385143000633,1488.8540813999716,1488.9053674999159,space,0.059216400142759085,None,1488.9066236000508,1489.6056441667645,1489.9178720999043,1489.9036330999807,1489.9044407999609,1489.9178720999043,1489.9178720999043,1489.9178720999043,1492.5240597000811,200,1,[2.605629300000146],[2.6056471997871995],participant_1,001,2025-11-13_15h09.20.907,Deeya Intentional Binding,,2025.1.1,60.18404280301539,2025-11-13 15h09.38.921727 +0530,
0.1,1000,exp,282,10,17,space,0.2523327001836151,None,100,1,[1.3690227000042796],[1.3690418999176472],17,10,282,3,1492.5376520999707,,1492.5245193999726,1492.5376520999707,1493.5365524000954,1493.5365524000954,1493.5365524000954,1493.8052542000078,space,0.2523327001836151,None,1493.8066054999363,1493.9049241666837,1494.2203315000515,1494.2061201999895,1494.2065844000317,1494.2203315000515,1494.2203315000515,1494.2203315000515,1495.5899523999542,100,1,[1.3690227000042796],[1.3690418999176472],participant_1,001,2025-11-13_15h09.20.907,Deeya Intentional Binding,,2025.1.1,60.18404280301539,2025-11-13 15h09.38.921727 +0530,
0.1,400,unexp,283,11,17,space,0.11395599995739758,None,100,1,[2.3374855001457036],[2.3375039000529796],17,11,283,0,1495.6047290998977,,1495.5905259000137,1495.6047290998977,1496.6050851000473,1496.6050851000473,1496.6050851000473,1496.7221162000205,space,0.11395599995739758,None,1496.7232077000663,1496.8362923665593,1497.1502539999783,1497.1346988000441,1497.1357563000638,1497.1502539999783,1497.1502539999783,1497.1502539999783,1499.4883071000222,100,1,[2.3374855001457036],[2.3375039000529796],participant_1,001,2025-11-13_15h09.20.907,Deeya Intentional Binding,,2025.1.1,60.18404280301539,2025-11-13 15h09.38.921727 +0530,
0.1,1000,exp,284,12,17,space,0.18502139998599887,None,100,1,[1.6209894998464733],[1.62100619985722],17,12,284,6,1499.5041982000694,,1499.4888023000676,1499.5041982000694,1500.5058150000405,1500.5058150000405,1500.5058150000405,1500.7052649999969,space,0.18502139998599887,None,1500.7068229001015,1500.8046656666013,1501.1173181999475,1501.1030596001074,1501.103930399986,1501.1173181999475,1501.1173181999475,1501.1173181999475,1502.7388865998946,100,1,[1.6209894998464733],[1.62100619985722],participant_1,001,2025-11-13_15h09.20.907,Deeya Intentional Binding,,2025.1.1,60.18404280301539,2025-11-13 15h09.38.921727 +0530,
0.4,400,exp,285,13,17,space,0.1490780001040548,None,190,1,[3.8666791000869125],[3.8667109000962228],17,13,285,13,1502.754668199923,,1502.739405500004,1502.754668199923,1503.7542797001079,1503.7542797001079,1503.77022950002,1503.9044425999746,space,0.1490780001040548,None,1503.905752300052,1504.3037382667574,1504.6217503000516,1504.6068202001043,1504.607557500014,1504.6217503000516,1504.6217503000516,1504.6217503000516,1508.4892218001187,190,1,[3.8666791000869125],[3.8667109000962228],participant_1,001,2025-11-13_15h09.20.907,Deeya Intentional Binding,,2025.1.1,60.18404280301539,2025-11-13 15h09.38.921727 +0530,
0.4,1000,exp,286,14,17,space,0.19325429992750287,None,200,1,[2.2272115000523627],[2.2272241001483053],17,14,286,4,1508.5038664999884,,1508.4898441999685,1508.5038664999884,1509.5045676000882,1509.5045676000882,1509.5045676000882,1509.705708900001,space,0.19325429992750287,None,1509.706936399918,1510.1220154667428,1510.4433699999936,1510.4262993999291,1510.4270548000932,1510.4433699999936,1510.4433699999936,1510.4433699999936,1512.6710749000777,200,1,[2.2272115000523627],[2.2272241001483053],participant_1,001,2025-11-13_15h09.20.907,Deeya Intentional Binding,,2025.1.1,60.18404280301539,2025-11-13 15h09.38.921727 +0530,
0.7,1000,unexp,287,15,17,space,0.21462350012734532,None,300,1,[1.3209055000916123],[1.3209218000993133],17,15,287,14,1512.6866544999648,,1512.6715249000117,1512.6866544999648,1513.6712547000498,1513.6712547000498,1513.6868602000177,1513.8893132999074,space,0.21462350012734532,None,1513.8912021999713,1514.6042675667597,1514.9185234000906,1514.9046899001114,1514.9054403000046,1514.9185234000906,1514.9185234000906,1514.9185234000906,1516.239960799925,300,1,[1.3209055000916123],[1.3209218000993133],participant_1,001,2025-11-13_15h09.20.907,Deeya Intentional Binding,,2025.1.1,60.18404280301539,2025-11-13 15h09.38.921727 +0530,
0.7,1000,exp,288,0,18,space,0.33015440008603036,None,200,1,[1.7847970998845994],[1.7848149999044836],18,0,288,11,1516.253866400104,,1516.240499400068,1516.253866400104,1517.2537050999235,1517.2537050999235,1517.2537050999235,1517.5889310999773,space,0.33015440008603036,None,1517.5903956999537,1518.3046142666756,1518.620726000052,1518.6051982000936,1518.605976599967,1518.620726000052,1518.620726000052,1518.620726000052,1520.406094700098,200,1,[1.7847970998845994],[1.7848149999044836],participant_1,001,2025-11-13_15h09.20.907,Deeya Intentional Binding,,2025.1.1,60.18404280301539,2025-11-13 15h09.38.921727 +0530,
0.7,1000,unexp,289,1,18,space,0.35080159991048276,None,200,1,[2.471408799989149],[2.4714260001201183],18,1,289,14,1520.4203920001164,,1520.4065570000093,1520.4203920001164,1521.4195199999958,1521.4195199999958,1521.4361366999801,1521.7718644998968,space,0.35080159991048276,None,1521.7731004001107,1522.4710037666994,1522.7828524000943,1522.7657335000113,1522.7671171000693,1522.7828524000943,1522.7828524000943,1522.7828524000943,1525.2548541999422,200,1,[2.471408799989149],[2.4714260001201183],participant_1,001,2025-11-13_15h09.20.907,Deeya Intentional Binding,,2025.1.1,60.18404280301539,2025-11-13 15h09.38.921727 +0530,
0.1,1000,exp,290,2,18,space,0.2324093000497669,None,400,1,[4.70253730006516],[4.702557399868965],18,2,290,3,1525.270520299906,,1525.2553946999833,1525.270520299906,1526.2544859000482,1526.2544859000482,1526.271286400035,1526.4885788999964,space,0.2324093000497669,None,1526.4898165999912,1526.6042281666926,1526.9196454999037,1526.9059039000422,1526.9066256999504,1526.9196454999037,1526.9196454999037,1526.9196454999037,1531.6228030000348,400,1,[4.70253730006516],[4.702557399868965],participant_1,001,2025-11-13_15h09.20.907,Deeya Intentional Binding,,2025.1.1,60.18404280301539,2025-11-13 15h09.38.921727 +0530,
0.1,1000,exp,291,3,18,space,0.003214099910110235,None,100,1,[4.236064599826932],[4.236084499862045],18,3,291,9,1531.6367132999003,,1531.6232956000604,1531.6367132999003,1532.637862100033,1532.637862100033,1532.637862100033,1532.654664099915,space,0.003214099910110235,None,1532.6561803000513,1532.7544208667862,1533.0700678001158,1533.0558353001252,1533.0565901000518,1533.0700678001158,1533.0700678001158,1533.0700678001158,1537.3067449999508,100,1,[4.236064599826932],[4.236084499862045],participant_1,001,2025-11-13_15h09.20.907,Deeya Intentional Binding,,2025.1.1,60.18404280301539,2025-11-13 15h09.38.921727 +0530,
0.7,400,unexp,292,4,18,space,0.5005965000018477,None,500,1,[2.517924499930814],[2.5179449000861496],18,4,292,2,1537.320008999901,,1537.3072597999126,1537.320008999901,1538.3194252999965,1538.3194252999965,1538.3194252999965,1538.8215636000969,space,0.5005965000018477,None,1538.8228124999441,1539.5208726665626,1539.838569500018,1539.8239603999536,1539.824817799963,1539.838569500018,1539.838569500018,1539.838569500018,1542.3571057999507,500,1,[2.517924499930814],[2.5179449000861496],participant_1,001,2025-11-13_15h09.20.907,Deeya Intentional Binding,,2025.1.1,60.18404280301539,2025-11-13 15h09.38.921727 +0530,
0.7,1000,exp,293,5,18,space,0.2926906000357121,None,700,1,[2.7455262998118997],[2.7455431998241693],18,5,293,8,1542.370566100115,,1542.3575989999808,1542.370566100115,1543.369503099937,1543.369503099937,1543.369503099937,1543.6707240000833,space,0.2926906000357121,None,1543.672298999969,1544.3708157665717,1544.694152599899,1544.677299699979,1544.6780091000255,1544.694152599899,1544.694152599899,1544.694152599899,1547.4402538998984,700,1,[2.7455262998118997],[2.7455431998241693],participant_1,001,2025-11-13_15h09.20.907,Deeya Intentional Binding,,2025.1.1,60.18404280301539,2025-11-13 15h09.38.921727 +0530,
0.4,400,exp,294,6,18,space,0.36385590001009405,None,600,1,[1.9222484999336302],[1.9222583000082523],18,6,294,13,1547.4535787000787,,1547.440764100058,1547.4535787000787,1548.453974199947,1548.453974199947,1548.453974199947,1548.8211489999667,space,0.36385590001009405,None,1548.8230576999485,1549.23571106658,1549.5482115000486,1549.5328365000896,1549.534019799903,1549.5482115000486,1549.5482115000486,1549.5482115000486,1551.4709707000293,600,1,[1.9222484999336302],[1.9222583000082523],participant_1,001,2025-11-13_15h09.20.907,Deeya Intentional Binding,,2025.1.1,60.18404280301539,2025-11-13 15h09.38.921727 +0530,
0.1,1000,exp,295,7,18,space,0.21970100002363324,None,200,1,[3.5683031999506056],[3.568323800107464],18,7,295,6,1551.4859841999132,,1551.471384299919,1551.4859841999132,1552.471191599965,1552.471191599965,1552.4874644000083,1552.7048045000993,space,0.21970100002363324,None,1552.7061272999272,1552.8040062667026,1553.1210566998925,1553.1064152999315,1553.1070974001195,1553.1210566998925,1553.1210566998925,1553.1210566998925,1556.6901114999782,200,1,[3.5683031999506056],[3.568323800107464],participant_1,001,2025-11-13_15h09.20.907,Deeya Intentional Binding,,2025.1.1,60.18404280301539,2025-11-13 15h09.38.921727 +0530,
0.1,400,unexp,296,8,18,space,0.15151720005087554,None,100,1,[3.031918399967253],[3.031947499839589],18,8,296,0,1556.7030889000744,,1556.6907144999132,1556.7030889000744,1557.7024823999964,1557.7024823999964,1557.7024823999964,1557.8551866000053,space,0.15151720005087554,None,1557.8564402000047,1557.9708568666285,1558.288816000102,1558.274021799909,1558.274829500122,1558.288816000102,1558.288816000102,1558.288816000102,1561.3215588999446,100,1,[3.031918399967253],[3.031947499839589],participant_1,001,2025-11-13_15h09.20.907,Deeya Intentional Binding,,2025.1.1,60.18404280301539,2025-11-13 15h09.38.921727 +0530,
0.4,1000,unexp,297,9,18,space,0.28512919996865094,None,200,1,[2.6301477001979947],[2.6301578001584858],18,9,297,15,1561.3345838999376,,1561.3220873998944,1561.3345838999376,1562.3362302999012,1562.3362302999012,1562.3362302999012,1562.6374765001237,space,0.28512919996865094,None,1562.6389828999527,1563.0534635666447,1563.3715190000366,1563.3572482001036,1563.3578540999442,1563.3715190000366,1563.3715190000366,1563.3715190000366,1566.0020647000056,200,1,[2.6301477001979947],[2.6301578001584858],participant_1,001,2025-11-13_15h09.20.907,Deeya Intentional Binding,,2025.1.1,60.18404280301539,2025-11-13 15h09.38.921727 +0530,
0.4,1000,exp,298,10,18,space,0.2729579999577254,None,21,1,[4.10147439991124],[4.101493000052869],18,10,298,4,1566.0191864999942,,1566.002387400018,1566.0191864999942,1567.0031199001241,1567.0031199001241,1567.0207056999207,1567.2886077999137,space,0.2729579999577254,None,1567.2900831999723,1567.703808366616,1568.0183379000518,1568.0042077999096,1568.004938099999,1568.0183379000518,1568.0183379000518,1568.0183379000518,1572.1206304999068,21,1,[4.10147439991124],[4.101493000052869],participant_1,001,2025-11-13_15h09.20.907,Deeya Intentional Binding,,2025.1.1,60.18404280301539,2025-11-13 15h09.38.921727 +0530,
0.4,1000,exp,299,11,18,space,0.5082489000633359,None,100,1,[5.980879599926993],[5.980892999796197],18,11,299,7,1572.1362872999161,,1572.1211514999159,1572.1362872999161,1573.1350221000612,1573.1350221000612,1573.1511297000106,1573.6547821999993,space,0.5082489000633359,None,1573.6563637000509,1574.0538645666713,1574.3725765999407,1574.354793800041,1574.3557126999367,1574.3725765999407,1574.3725765999407,1574.3725765999407,1580.3539466001093,100,1,[5.980879599926993],[5.980892999796197],participant_1,001,2025-11-13_15h09.20.907,Deeya Intentional Binding,,2025.1.1,60.18404280301539,2025-11-13 15h09.38.921727 +0530,
0.4,400,unexp,300,12,18,space,0.2856730001512915,None,89,1,[4.151847100118175],[4.151866700034589],18,12,300,1,1580.368229100015,,1580.3543096999638,1580.368229100015,1581.353723200038,1581.353723200038,1581.3697520999704,1581.6537641000468,space,0.2856730001512915,None,1581.6551856000442,1582.0533314666866,1582.368295100052,1582.3527466000523,1582.3536356999539,1582.368295100052,1582.368295100052,1582.368295100052,1586.520847799955,89,1,[4.151847100118175],[4.151866700034589],participant_1,001,2025-11-13_15h09.20.907,Deeya Intentional Binding,,2025.1.1,60.18404280301539,2025-11-13 15h09.38.921727 +0530,
0.4,1000,exp,301,13,18,space,0.07247859984636307,None,90,1,[2.0570825999602675],[2.057102399878204],18,13,301,10,1586.5364524000324,,1586.5214468000922,1586.5364524000324,1587.537513999967,1587.537513999967,1587.537513999967,1587.6179875999223,space,0.07247859984636307,None,1587.6190929000732,1588.0192838665719,1588.330459000077,1588.31535420008,1588.3165374998935,1588.330459000077,1588.330459000077,1588.330459000077,1590.3882049999665,90,1,[2.0570825999602675],[2.057102399878204],participant_1,001,2025-11-13_15h09.20.907,Deeya Intentional Binding,,2025.1.1,60.18404280301539,2025-11-13 15h09.38.921727 +0530,
0.7,1000,exp,302,14,18,space,0.3090119999833405,None,90,1,[2.6735588998999447],[2.67357619991526],18,14,302,5,1590.402246200014,,1590.3887501000427,1590.402246200014,1591.404037399916,1591.404037399916,1591.404037399916,1591.7201563999988,space,0.3090119999833405,None,1591.7218063999899,1592.42014506675,1592.7456279001199,1592.727604500018,1592.7284782000352,1592.7456279001199,1592.7456279001199,1592.7456279001199,1595.4197694000322,90,1,[2.6735588998999447],[2.67357619991526],participant_1,001,2025-11-13_15h09.20.907,Deeya Intentional Binding,,2025.1.1,60.18404280301539,2025-11-13 15h09.38.921727 +0530,
0.1,400,exp,303,15,18,space,0.07274529989808798,None,100,1,[7.73684380017221],[7.736866200109944],18,15,303,12,1595.4359335000627,,1595.4204353999812,1595.4359335000627,1596.435391300125,1596.435391300125,1596.435391300125,1596.5201316999737,space,0.07274529989808798,None,1596.5213955000509,1596.6201049667472,1596.93460960011,1596.9202169000637,1596.9209553999826,1596.93460960011,1596.93460960011,1596.93460960011,1604.6720805999357,100,1,[7.73684380017221],[7.736866200109944],participant_1,001,2025-11-13_15h09.20.907,Deeya Intentional Binding,,2025.1.1,60.18404280301539,2025-11-13 15h09.38.921727 +0530,
0.4,400,exp,304,0,19,space,0.28604310005903244,None,120,1,[2.199807799886912],[2.1998230998869985],19,0,304,13,1604.685478300089,,1604.6725421999581,1604.685478300089,1605.6856197000016,1605.6856197000016,1605.6856197000016,1605.987041000044,space,0.28604310005903244,None,1605.9883373999037,1606.4027373665633,1606.7195582999848,1606.705726099899,1606.7063994999044,1606.7195582999848,1606.7195582999848,1606.7195582999848,1608.9199691999238,120,1,[2.199807799886912],[2.1998230998869985],participant_1,001,2025-11-13_15h09.20.907,Deeya Intentional Binding,,2025.1.1,60.18404280301539,2025-11-13 15h09.38.921727 +0530,
0.4,1000,exp,305,1,19,space,0.7561072001699358,None,200,1,[2.0546200999524444],[2.054637499852106],19,1,305,10,1608.9361707000062,,1608.9204836001154,1608.9361707000062,1609.9336884000804,1609.9336884000804,1609.9336884000804,1610.7032842999324,space,0.7561072001699358,None,1610.7046463000588,1611.1175801666143,1611.431239800062,1611.4158409999218,1611.4168322000187,1611.431239800062,1611.431239800062,1611.431239800062,1613.4864537999965,200,1,[2.0546200999524444],[2.054637499852106],participant_1,001,2025-11-13_15h09.20.907,Deeya Intentional Binding,,2025.1.1,60.18404280301539,2025-11-13 15h09.38.921727 +0530,
0.1,400,exp,306,2,19,space,0.7350612999871373,None,200,1,[2.2185658998787403],[2.2185748999472708],19,2,306,12,1613.5025460000616,,1613.4870178999845,1613.5025460000616,1614.5008431999013,1614.5008431999013,1614.517486100085,1615.2531475999858,space,0.7350612999871373,None,1615.254398399964,1615.352818066782,1615.6834299999755,1615.6556601000484,1615.6564466999844,1615.6834299999755,1615.6834299999755,1615.6834299999755,1617.9023659001105,200,1,[2.2185658998787403],[2.2185748999472708],participant_1,001,2025-11-13_15h09.20.907,Deeya Intentional Binding,,2025.1.1,60.18404280301539,2025-11-13 15h09.38.921727 +0530,
0.7,1000,exp,307,3,19,space,0.2575834000017494,None,100,1,[2.5343803998548537],[2.5343964998610318],19,3,307,5,1617.9172469000332,,1617.9026868001092,1617.9172469000332,1618.9181713000871,1618.9181713000871,1618.9181713000871,1619.1870951999445,space,0.2575834000017494,None,1619.1886919001117,1619.902863566593,1620.218758400064,1620.204497900093,1620.205268499907,1620.218758400064,1620.218758400064,1620.218758400064,1622.7536391001195,100,1,[2.5343803998548537],[2.5343964998610318],participant_1,001,2025-11-13_15h09.20.907,Deeya Intentional Binding,,2025.1.1,60.18404280301539,2025-11-13 15h09.38.921727 +0530,
0.4,400,unexp,308,4,19,space,0.2527763999532908,None,100,1,[3.5136507998686284],[3.513660099823028],19,4,308,1,1622.768258899916,,1622.7540394000243,1622.768258899916,1623.7686461000703,1623.7686461000703,1623.7686461000703,1624.035822799895,space,0.2527763999532908,None,1624.0371932000853,1624.4508922666466,1624.7710122000426,1624.7554581000004,1624.7562315000687,1624.7710122000426,1624.7710122000426,1624.7710122000426,1628.2850419001188,100,1,[3.5136507998686284],[3.513660099823028],participant_1,001,2025-11-13_15h09.20.907,Deeya Intentional Binding,,2025.1.1,60.18404280301539,2025-11-13 15h09.38.921727 +0530,
0.4,1000,unexp,309,5,19,space,0.2806297999341041,None,300,1,[3.9914685001131147],[3.991488000145182],19,5,309,15,1628.3007765999064,,1628.2853663999122,1628.3007765999064,1629.2863692000974,1629.2863692000974,1629.3030757999513,1629.569980799919,space,0.2806297999341041,None,1629.5712600001134,1629.9848093665826,1630.2971471999772,1630.2825269000605,1630.2834970999975,1630.2971471999772,1630.2971471999772,1630.2971471999772,1634.2891943000723,300,1,[3.9914685001131147],[3.991488000145182],participant_1,001,2025-11-13_15h09.20.907,Deeya Intentional Binding,,2025.1.1,60.18404280301539,2025-11-13 15h09.38.921727 +0530,
0.7,400,unexp,310,6,19,space,0.159540600143373,None,200,1,[2.130515799857676],[2.130531399976462],19,6,310,2,1634.3024734999053,,1634.2896678000689,1634.3024734999053,1635.3025084000546,1635.3025084000546,1635.3025084000546,1635.4708332999144,space,0.159540600143373,None,1635.472364099929,1636.1851762666522,1636.5052201000508,1636.483593000099,1636.484775400022,1636.5052201000508,1636.5052201000508,1636.5052201000508,1638.6362552999053,200,1,[2.130515799857676],[2.130531399976462],participant_1,001,2025-11-13_15h09.20.907,Deeya Intentional Binding,,2025.1.1,60.18404280301539,2025-11-13 15h09.38.921727 +0530,
0.4,1000,exp,311,7,19,space,3.545240300009027,None,400,1,[3.253829099936411],[3.2538475999608636],19,7,311,4,1638.651837500045,,1638.6366977998987,1638.651837500045,1639.6357712000608,1639.6357712000608,1639.6521296999417,1643.1876719999127,space,3.545240300009027,None,1643.1891326999757,1643.5992056667494,1643.9163238001056,1643.9018047000282,1643.9026776000392,1643.9163238001056,1643.9163238001056,1643.9163238001056,1647.1707411999814,400,1,[3.253829099936411],[3.2538475999608636],participant_1,001,2025-11-13_15h09.20.907,Deeya Intentional Binding,,2025.1.1,60.18404280301539,2025-11-13 15h09.38.921727 +0530,
0.7,1000,exp,312,8,19,space,2.319961699889973,None,600,1,[2.4926142001058906],[2.4926305001135916],19,8,312,11,1647.1854749999475,,1647.171238800045,1647.1854749999475,1648.18442830001,1648.18442830001,1648.200964400079,1650.5191746999044,space,2.319961699889973,None,1650.5206959000789,1651.219050566728,1651.5424671999644,1651.5262140999548,1651.5271532000042,1651.5424671999644,1651.5424671999644,1651.5424671999644,1654.0356226000004,600,1,[2.4926142001058906],[2.4926305001135916],participant_1,001,2025-11-13_15h09.20.907,Deeya Intentional Binding,,2025.1.1,60.18404280301539,2025-11-13 15h09.38.921727 +0530,
0.7,1000,unexp,313,9,19,space,0.30085080000571907,None,400,1,[2.205669099930674],[2.205684799933806],19,9,313,14,1654.0508908000775,,1654.0361128000077,1654.0508908000775,1655.0357981000561,1655.0357981000561,1655.052050899947,1655.3530757001135,space,0.30085080000571907,None,1655.3543225000612,1656.06849216676,1656.3792155000847,1656.3628068999387,1656.3635589999612,1656.3792155000847,1656.3792155000847,1656.3792155000847,1658.5855447000358,400,1,[2.205669099930674],[2.205684799933806],participant_1,001,2025-11-13_15h09.20.907,Deeya Intentional Binding,,2025.1.1,60.18404280301539,2025-11-13 15h09.38.921727 +0530,
0.4,1000,exp,314,10,19,space,0.4644470999483019,None,600,1,[3.2066013999283314],[3.2066237998660654],19,10,314,7,1658.601758300094,,1658.5860307998955,1658.601758300094,1659.5847843000665,1659.5847843000665,1659.601564399898,1660.0543561000377,space,0.4644470999483019,None,1660.0557649000548,1660.4674338666412,1660.7810597999487,1660.7656660999637,1660.7668892000802,1660.7810597999487,1660.7810597999487,1660.7810597999487,1663.9882871001028,600,1,[3.2066013999283314],[3.2066237998660654],participant_1,001,2025-11-13_15h09.20.907,Deeya Intentional Binding,,2025.1.1,60.18404280301539,2025-11-13 15h09.38.921727 +0530,
0.7,1000,exp,315,11,19,space,0.2660666999872774,None,700,1,[3.0093402001075447],[3.0093563001137227],19,11,315,8,1664.0016278999392,,1663.9887659999076,1664.0016278999392,1664.9999949000776,1664.9999949000776,1665.017283400055,1665.2679677999113,space,0.2660666999872774,None,1665.2692460999824,1665.9688534667405,1666.2918628000189,1666.2752704999875,1666.275982500054,1666.2918628000189,1666.2918628000189,1666.2918628000189,1669.3016598999966,700,1,[3.0093402001075447],[3.0093563001137227],participant_1,001,2025-11-13_15h09.20.907,Deeya Intentional Binding,,2025.1.1,60.18404280301539,2025-11-13 15h09.38.921727 +0530,
0.1,1000,exp,316,12,19,space,0.8837941999081522,None,100,1,[3.2213407999370247],[3.221360000083223],19,12,316,6,1669.3150353000965,,1669.3019848999102,1669.3150353000965,1670.3017239999026,1670.3017239999026,1670.3184400999453,1671.187047299929,space,0.8837941999081522,None,1671.1884320999961,1671.300399266711,1671.631007899996,1671.606075400021,1671.6068559999112,1671.631007899996,1671.631007899996,1671.631007899996,1674.852984600002,100,1,[3.2213407999370247],[3.221360000083223],participant_1,001,2025-11-13_15h09.20.907,Deeya Intentional Binding,,2025.1.1,60.18404280301539,2025-11-13 15h09.38.921727 +0530,
0.1,1000,exp,317,13,19,space,0.27990230009891093,None,100,1,[3.2225110998842865],[3.2225273998919874],19,13,317,3,1674.8681085999124,,1674.8535380000249,1674.8681085999124,1675.867891700007,1675.867891700007,1675.867891700007,1676.152699300088,space,0.27990230009891093,None,1676.154378999956,1676.2668943666542,1676.5792537999805,1676.5630465999711,1676.5640718999784,1676.5792537999805,1676.5792537999805,1676.5792537999805,1679.8023749999702,100,1,[3.2225110998842865],[3.2225273998919874],participant_1,001,2025-11-13_15h09.20.907,Deeya Intentional Binding,,2025.1.1,60.18404280301539,2025-11-13 15h09.38.921727 +0530,
0.1,400,unexp,318,14,19,space,0.4353308000136167,None,90,1,[2.5181652999017388],[2.5181739998515695],19,14,318,0,1679.8172834001016,,1679.8028760999441,1679.8172834001016,1680.8185016999487,1680.8185016999487,1680.8185016999487,1681.2695669000968,space,0.4353308000136167,None,1681.270958899986,1681.3849845666593,1681.7010290999897,1681.6846960999537,1681.6851961000357,1681.7010290999897,1681.7010290999897,1681.7010290999897,1684.2195063999388,90,1,[2.5181652999017388],[2.5181739998515695],participant_1,001,2025-11-13_15h09.20.907,Deeya Intentional Binding,,2025.1.1,60.18404280301539,2025-11-13 15h09.38.921727 +0530,
0.1,1000,exp,319,15,19,space,0.5016705999150872,None,100,1,[2.481596500147134],[2.481613100040704],19,15,319,9,1684.2336015000474,,1684.2197471999098,1684.2336015000474,1685.2349461000413,1685.2349461000413,1685.2349461000413,1685.7527161999606,space,0.5016705999150872,None,1685.7539780000225,1685.852047866738,1686.16971009993,1686.1553024000023,1686.1559051000513,1686.16971009993,1686.16971009993,1686.16971009993,1688.6518834000453,100,1,[2.481596500147134],[2.481613100040704],participant_1,001,2025-11-13_15h09.20.907,Deeya Intentional Binding,,2025.1.1,60.18404280301539,2025-11-13 15h09.38.921727 +0530,
0.1,400,exp,320,0,20,space,0.13162510003894567,None,80,1,[2.2389318000059575],[2.238949100021273],20,0,320,12,1688.6682794999797,,1688.6524360000622,1688.6682794999797,1689.65137639991,1689.65137639991,1689.668214800069,1689.786542699905,space,0.13162510003894567,None,1689.7877172001172,1689.901623866583,1690.213096600026,1690.1957161000464,1690.1968119000085,1690.213096600026,1690.213096600026,1690.213096600026,1692.4526108000427,80,1,[2.2389318000059575],[2.238949100021273],participant_1,001,2025-11-13_15h09.20.907,Deeya Intentional Binding,,2025.1.1,60.18404280301539,2025-11-13 15h09.38.921727 +0530,
0.4,1000,unexp,321,1,20,space,0.009634000016376376,None,100,1,[3.020105400122702],[3.0201233001425862],20,1,321,15,1692.4681494000833,,1692.453134600073,1692.4681494000833,1693.467838200042,1693.467838200042,1693.467838200042,1693.4854605,space,0.009634000016376376,None,1693.4868668001145,1693.8850112667462,1694.1974983001128,1694.1819949999917,1694.1831139000133,1694.1974983001128,1694.1974983001128,1694.1974983001128,1697.2181786999572,100,1,[3.020105400122702],[3.0201233001425862],participant_1,001,2025-11-13_15h09.20.907,Deeya Intentional Binding,,2025.1.1,60.18404280301539,2025-11-13 15h09.38.921727 +0530,
0.1,1000,exp,322,2,20,space,0.06873050006106496,None,200,1,[2.7739664998371154],[2.773984899977222],20,2,322,3,1697.2338352000806,,1697.2186787999235,1697.2338352000806,1698.21803060011,1698.21803060011,1698.2345078000799,1698.3022284999024,space,0.06873050006106496,None,1698.3035514999647,1698.4169530666588,1698.7290886000264,1698.7138096999843,1698.7150373000186,1698.7290886000264,1698.7290886000264,1698.7290886000264,1701.5036722999066,200,1,[2.7739664998371154],[2.773984899977222],participant_1,001,2025-11-13_15h09.20.907,Deeya Intentional Binding,,2025.1.1,60.18404280301539,2025-11-13 15h09.38.921727 +0530,
0.7,1000,unexp,323,3,20,space,0.22880579996854067,None,220,1,[2.7837217999622226],[2.783737000077963],20,3,323,14,1701.517547100084,,1701.5041563000996,1701.517547100084,1702.5181112000719,1702.5181112000719,1702.5181112000719,1702.7523187999614,space,0.22880579996854067,None,1702.753766000038,1703.4667786667744,1703.7843251000158,1703.7662941999733,1703.7673051001038,1703.7843251000158,1703.7843251000158,1703.7843251000158,1706.568637700053,220,1,[2.7837217999622226],[2.783737000077963],participant_1,001,2025-11-13_15h09.20.907,Deeya Intentional Binding,,2025.1.1,60.18404280301539,2025-11-13 15h09.38.921727 +0530,
0.1,1000,exp,324,4,20,space,0.43320200010202825,None,100,1,[2.134848500136286],[2.1348677999339998],20,4,324,9,1706.584163099993,,1706.5692406999879,1706.584163099993,1707.5838609999046,1707.5838609999046,1707.5838609999046,1708.0191023000516,space,0.43320200010202825,None,1708.0207847999409,1708.1337047666932,1708.4512320000213,1708.4326168999542,1708.4340802999213,1708.4512320000213,1708.4512320000213,1708.4512320000213,1710.5867300999817,100,1,[2.134848500136286],[2.1348677999339998],participant_1,001,2025-11-13_15h09.20.907,Deeya Intentional Binding,,2025.1.1,60.18404280301539,2025-11-13 15h09.38.921727 +0530,
0.7,1000,exp,325,5,20,space,0.1769363998901099,None,200,1,[1.6895401999354362],[1.689560999860987],20,5,325,11,1710.600887000095,,1710.5872190000955,1710.600887000095,1711.6008814000525,1711.6008814000525,1711.6008814000525,1711.7857369000558,space,0.1769363998901099,None,1711.7870225999504,1712.5020348667788,1712.8309549998958,1712.8086842000484,1712.8094836000819,1712.8309549998958,1712.8309549998958,1712.8309549998958,1714.5211769000161,200,1,[1.6895401999354362],[1.689560999860987],participant_1,001,2025-11-13_15h09.20.907,Deeya Intentional Binding,,2025.1.1,60.18404280301539,2025-11-13 15h09.38.921727 +0530,
0.4,400,exp,326,6,20,space,0.05228630010969937,None,100,1,[2.5918542998842895],[2.5918705000076443],20,6,326,13,1714.5339728998952,,1714.5217869000044,1714.5339728998952,1715.534370899899,1715.534370899899,1715.534370899899,1715.6020720000379,space,0.05228630010969937,None,1715.6033062001225,1716.0011760667587,1716.3107453000266,1716.2940700000618,1716.294901000103,1716.3107453000266,1716.3107453000266,1716.3107453000266,1718.9032550998963,100,1,[2.5918542998842895],[2.5918705000076443],participant_1,001,2025-11-13_15h09.20.907,Deeya Intentional Binding,,2025.1.1,60.18404280301539,2025-11-13 15h09.38.921727 +0530,
0.1,400,unexp,327,7,20,space,0.0646634001750499,None,200,1,[3.235172899905592],[3.235191499814391],20,7,327,0,1718.916678499896,,1718.9038553999271,1718.916678499896,1719.9183096000925,1719.9183096000925,1719.9183096000925,1719.987345200032,space,0.0646634001750499,None,1719.9884877000004,1720.101454366759,1720.417699499987,1720.402609599987,1720.4034267999232,1720.417699499987,1720.417699499987,1720.417699499987,1723.6534426000435,200,1,[3.235172899905592],[3.235191499814391],participant_1,001,2025-11-13_15h09.20.907,Deeya Intentional Binding,,2025.1.1,60.18404280301539,2025-11-13 15h09.38.921727 +0530,
0.1,1000,exp,328,8,20,space,1.5080246001016349,None,100,1,[4.13584310002625],[4.135859099915251],20,8,328,6,1723.6669288000558,,1723.6539054999594,1723.6669288000558,1724.6670995999593,1724.6670995999593,1724.6670995999593,1726.1851655999199,space,1.5080246001016349,None,1726.1866588999983,1726.2844685665953,1726.597477500094,1726.5816077000927,1726.5829823999666,1726.597477500094,1726.597477500094,1726.597477500094,1730.7338956999592,100,1,[4.13584310002625],[4.135859099915251],participant_1,001,2025-11-13_15h09.20.907,Deeya Intentional Binding,,2025.1.1,60.18404280301539,2025-11-13 15h09.38.921727 +0530,
0.4,1000,exp,329,9,20,space,0.3131049999501556,None,100,1,[5.49601720017381],[5.49603410018608],20,9,329,7,1730.7502178000286,,1730.734368500067,1730.7502178000286,1731.7333720999304,1731.7333720999304,1731.7501459999476,1732.0507354000583,space,0.3131049999501556,None,1732.051701999968,1732.4515802667631,1732.7726932000369,1732.754782800097,1732.7555819000117,1732.7726932000369,1732.7726932000369,1732.7726932000369,1738.2693378000986,100,1,[5.49601720017381],[5.49603410018608],participant_1,001,2025-11-13_15h09.20.907,Deeya Intentional Binding,,2025.1.1,60.18404280301539,2025-11-13 15h09.38.921727 +0530,
0.7,1000,exp,330,10,20,space,0.0740684000775218,None,100,1,[23.935486299917102],[23.935499700019136],20,10,330,8,1738.2832057999913,,1738.2698953999206,1738.2832057999913,1739.284167099977,1739.284167099977,1739.284167099977,1739.367321799975,space,0.0740684000775218,None,1739.3684147999156,1740.0673996667067,1740.379946500063,1740.3647491000593,1740.3656792999245,1740.379946500063,1740.379946500063,1740.379946500063,1764.3158968000207,100,1,[23.935486299917102],[23.935499700019136],participant_1,001,2025-11-13_15h09.20.907,Deeya Intentional Binding,,2025.1.1,60.18404280301539,2025-11-13 15h09.38.921727 +0530,
0.7,1000,exp,331,11,20,space,0.39766129991039634,None,200,1,[8.802680399967358],[8.802688700146973],20,11,331,5,1764.3319202000275,,1764.3162765000015,1764.3319202000275,1765.3174423999153,1765.3174423999153,1765.3334304001182,1765.7158510999288,space,0.39766129991039634,None,1765.7166748999152,1766.4160694666828,1766.7297614000272,1766.714370300062,1766.7153576000128,1766.7297614000272,1766.7297614000272,1766.7297614000272,1775.532822499983,200,1,[8.802680399967358],[8.802688700146973],participant_1,001,2025-11-13_15h09.20.907,Deeya Intentional Binding,,2025.1.1,60.18404280301539,2025-11-13 15h09.38.921727 +0530,
0.4,400,unexp,332,12,20,space,0.21573830000124872,None,200,1,[1.8188701998442411],[1.8188882998656482],20,12,332,1,1775.548526900122,,1775.533078999957,1775.548526900122,1776.5335264001042,1776.5335264001042,1776.549638000084,1776.767684899969,space,0.21573830000124872,None,1776.768980300054,1777.1830416666965,1777.497926699929,1777.4836254999973,1777.4843532000668,1777.497926699929,1777.497926699929,1777.497926699929,1779.3174107999075,200,1,[1.8188701998442411],[1.8188882998656482],participant_1,001,2025-11-13_15h09.20.907,Deeya Intentional Binding,,2025.1.1,60.18404280301539,2025-11-13 15h09.38.921727 +0530,
0.7,400,unexp,333,13,20,space,0.0919892000965774,None,100,1,[2.6553821999114007],[2.655401699943468],20,13,333,2,1779.333342900034,,1779.3179075000808,1779.333342900034,1780.333011199953,1780.333011199953,1780.333011199953,1780.432889000047,space,0.0919892000965774,None,1780.434063399909,1781.1481399667139,1781.4631350999698,1781.4485395001248,1781.4492854999844,1781.4631350999698,1781.4631350999698,1781.4631350999698,1784.1191255000886,100,1,[2.6553821999114007],[2.655401699943468],participant_1,001,2025-11-13_15h09.20.907,Deeya Intentional Binding,,2025.1.1,60.18404280301539,2025-11-13 15h09.38.921727 +0530,
0.4,1000,exp,334,14,20,space,1.2026892001740634,None,100,1,[3.3398412000387907],[3.339856600156054],20,14,334,10,1784.1328203000594,,1784.1198579999618,1784.1328203000594,1785.1335299999919,1785.1335299999919,1785.1335299999919,1786.350820099935,space,1.2026892001740634,None,1786.3521664999425,1786.7650373667168,1787.0778820000123,1787.063285500044,1787.064045399893,1787.0778820000123,1787.0778820000123,1787.0778820000123,1790.4182158000767,100,1,[3.3398412000387907],[3.339856600156054],participant_1,001,2025-11-13_15h09.20.907,Deeya Intentional Binding,,2025.1.1,60.18404280301539,2025-11-13 15h09.38.921727 +0530,
0.4,1000,exp,335,15,20,space,0.5711974001023918,None,190,1,[2.98548849998042],[2.9855072998907417],20,15,335,4,1790.432387100067,,1790.418642200064,1790.432387100067,1791.4318391999695,1791.4318391999695,1791.4318391999695,1792.0177424000576,space,0.5711974001023918,None,1792.0191178999376,1792.4168636666766,1792.7297088999767,1792.713894000044,1792.7147673000582,1792.7297088999767,1792.7297088999767,1792.7297088999767,1795.7158894999884,190,1,[2.98548849998042],[2.9855072998907417],participant_1,001,2025-11-13_15h09.20.907,Deeya Intentional Binding,,2025.1.1,60.18404280301539,2025-11-13 15h09.38.921727 +0530,
0.1,1000,exp,336,0,21,space,0.33402310009114444,None,100,1,[4.371176799992099],[4.371187499957159],21,0,336,9,1795.7315841000527,,1795.7163196001202,1795.7315841000527,1796.7313363000285,1796.7313363000285,1796.7313363000285,1797.0680142999627,space,0.33402310009114444,None,1797.0695571000688,1797.183017066742,1797.5124109999742,1797.4856434999965,1797.4864135999233,1797.5124109999742,1797.5124109999742,1797.5124109999742,1801.8841057000682,100,1,[4.371176799992099],[4.371187499957159],participant_1,001,2025-11-13_15h09.20.907,Deeya Intentional Binding,,2025.1.1,60.18404280301539,2025-11-13 15h09.38.921727 +0530,
0.4,1000,exp,337,1,21,space,0.1263578999787569,None,200,1,[3.1556734000332654],[3.155690200161189],21,1,337,7,1801.8991751000285,,1801.8844703000505,1801.8991751000285,1802.8996727000922,1802.8996727000922,1802.8996727000922,1803.0340203999076,space,0.1263578999787569,None,1803.0355289999861,1803.4476092665611,1803.7608539999928,1803.7449527999852,1803.7461566000711,1803.7608539999928,1803.7608539999928,1803.7608539999928,1806.9171307000797,200,1,[3.1556734000332654],[3.155690200161189],participant_1,001,2025-11-13_15h09.20.907,Deeya Intentional Binding,,2025.1.1,60.18404280301539,2025-11-13 15h09.38.921727 +0530,
0.4,400,exp,338,2,21,space,1.0424653999507427,None,       200,1,[2.683586400002241],[2.6835977998562157],21,2,338,13,1806.931938200025,,1806.9176330000628,1806.931938200025,1807.9314071000554,1807.9314071000554,1807.9314071000554,1808.9826740000863,space,1.0424653999507427,None,1808.9841867000796,1809.3829601666114,1809.6982839999255,1809.6849412000738,1809.6855496999342,1809.6982839999255,1809.6982839999255,1809.6982839999255,1812.3822941998951,       200,1,[2.683586400002241],[2.6835977998562157],participant_1,001,2025-11-13_15h09.20.907,Deeya Intentional Binding,,2025.1.1,60.18404280301539,2025-11-13 15h09.38.921727 +0530,
0.4,1000,exp,339,3,21,space,0.14728119992651045,None,200,1,[2.4508325001224875],[2.450849900022149],21,3,339,4,1812.3964684000239,,1812.3826188999228,1812.3964684000239,1813.3820817999076,1813.3820817999076,1813.398673000047,1813.5321990000084,space,0.14728119992651045,None,1813.533086200012,1813.9327646666827,1814.247466800036,1814.2325343000703,1814.2334034000523,1814.247466800036,1814.247466800036,1814.247466800036,1816.6988131001126,200,1,[2.4508325001224875],[2.450849900022149],participant_1,001,2025-11-13_15h09.20.907,Deeya Intentional Binding,,2025.1.1,60.18404280301539,2025-11-13 15h09.38.921727 +0530,
0.7,1000,unexp,340,4,21,space,0.44407059997320175,None,290,1,[6.271766900084913],[6.271787700010464],21,4,340,14,1816.7153483000584,,1816.6992574001197,1816.7153483000584,1817.699039200088,1817.699039200088,1817.7153773000464,1818.1505237999372,space,0.44407059997320175,None,1818.151889699977,1818.8653937667298,1819.178115699906,1819.1660871000495,1819.1670848999638,1819.178115699906,1819.178115699906,1819.178115699906,1825.4504760999698,290,1,[6.271766900084913],[6.271787700010464],participant_1,001,2025-11-13_15h09.20.907,Deeya Intentional Binding,,2025.1.1,60.18404280301539,2025-11-13 15h09.38.921727 +0530,
0.1,400,unexp,341,5,21,space,0.6625955000054091,None,100,1,[3.8903701999224722],[3.8903796998783946],21,5,341,0,1825.4652571999468,,1825.4509745000396,1825.4652571999468,1826.4656483000144,1826.4656483000144,1826.4656483000144,1827.1341852999758,space,0.6625955000054091,None,1827.1353736999445,1827.248893766726,1827.558313800022,1827.5417530999985,1827.5428450000472,1827.558313800022,1827.558313800022,1827.558313800022,1831.4490596000105,100,1,[3.8903701999224722],[3.8903796998783946],participant_1,001,2025-11-13_15h09.20.907,Deeya Intentional Binding,,2025.1.1,60.18404280301539,2025-11-13 15h09.38.921727 +0530,
0.1,400,exp,342,6,21,space,0.2656650000717491,None,100,1,[5.3990180001128465],[5.3990283000748605],21,6,342,12,1831.4636751001235,,1831.44933949993,1831.4636751001235,1832.4485067999922,1832.4485067999922,1832.4649052000605,1832.7169850000646,space,0.2656650000717491,None,1832.7184755001217,1832.83251136664,1833.1494732000865,1833.1358314000536,1833.1366381999105,1833.1494732000865,1833.1494732000865,1833.1494732000865,1838.548900600057,100,1,[5.3990180001128465],[5.3990283000748605],participant_1,001,2025-11-13_15h09.20.907,Deeya Intentional Binding,,2025.1.1,60.18404280301539,2025-11-13 15h09.38.921727 +0530,
0.7,1000,exp,343,7,21,space,1.170834100106731,None,100,1,[4.50000480003655],[4.500020899809897],21,7,343,11,1838.5620725001208,,1838.5492122999858,1838.5620725001208,1839.548104000045,1839.548104000045,1839.565710300114,1840.731760600116,space,1.170834100106731,None,1840.7328633000143,1841.4328344667485,1841.74938319996,1841.7345918999054,1841.735195999965,1841.74938319996,1841.74938319996,1841.74938319996,1846.2498707999475,100,1,[4.50000480003655],[4.500020899809897],participant_1,001,2025-11-13_15h09.20.907,Deeya Intentional Binding,,2025.1.1,60.18404280301539,2025-11-13 15h09.38.921727 +0530,
0.1,1000,exp,344,8,21,space,0.3751278000418097,None,200,1,[3.8208586000837386],[3.8208771001081914],21,8,344,6,1846.2639341000468,,1846.2504078000784,1846.2639341000468,1847.2656904000323,1847.2656904000323,1847.2656904000323,1847.648684100015,space,0.3751278000418097,None,1847.6500516999513,1847.7641686667378,1848.0791792999953,1848.0629551000893,1848.063940800028,1848.0791792999953,1848.0791792999953,1848.0791792999953,1851.9006393000018,200,1,[3.8208586000837386],[3.8208771001081914],participant_1,001,2025-11-13_15h09.20.907,Deeya Intentional Binding,,2025.1.1,60.18404280301539,2025-11-13 15h09.38.921727 +0530,
0.4,1000,unexp,345,9,21,space,0.2792813000269234,None,100,1,[2.635547799989581],[2.635562499985099],21,9,345,15,1851.9149601000827,,1851.9010964001063,1851.9149601000827,1852.9144391000737,1852.9144391000737,1852.9144391000737,1853.1995000999887,space,0.2792813000269234,None,1853.2008400999475,1853.614499966676,1853.9460954000242,1853.9164786001202,1853.9173318000976,1853.9460954000242,1853.9460954000242,1853.9460954000242,1856.5821614000015,100,1,[2.635547799989581],[2.635562499985099],participant_1,001,2025-11-13_15h09.20.907,Deeya Intentional Binding,,2025.1.1,60.18404280301539,2025-11-13 15h09.38.921727 +0530,
0.7,1000,exp,346,10,21,space,0.2719986999873072,None,200,1,[2.6345993999857455],[2.634616600116715],21,10,346,8,1856.5980539000593,,1856.582606599899,1856.5980539000593,1857.582087900024,1857.582087900024,1857.5985924000852,1857.864912699908,space,0.2719986999873072,None,1857.8663145001046,1858.5641197667612,1858.881711400114,1858.8666427000426,1858.8674554000609,1858.881711400114,1858.881711400114,1858.881711400114,1861.5168302000966,200,1,[2.6345993999857455],[2.634616600116715],participant_1,001,2025-11-13_15h09.20.907,Deeya Intentional Binding,,2025.1.1,60.18404280301539,2025-11-13 15h09.38.921727 +0530,
0.7,1000,exp,347,11,21,space,0.7995349001139402,None,300,1,[5.338606100063771],[5.338638300076127],21,11,347,5,1861.5312687999103,,1861.5172490999103,1861.5312687999103,1862.530960300006,1862.530960300006,1862.530960300006,1863.3340129000135,space,0.7995349001139402,None,1863.3353806000669,1864.048440066694,1864.3613060000353,1864.3470608000644,1864.347810599953,1864.3613060000353,1864.3613060000353,1864.3613060000353,1869.7006872000638,300,1,[5.338606100063771],[5.338638300076127],participant_1,001,2025-11-13_15h09.20.907,Deeya Intentional Binding,,2025.1.1,60.18404280301539,2025-11-13 15h09.38.921727 +0530,
0.4,1000,exp,348,12,21,space,0.44390120008029044,None,400,1,[4.168727000011131],[4.1687525999732316],21,12,348,10,1869.7148746999446,,1869.7013658001088,1869.7148746999446,1870.7135620999616,1870.7135620999616,1870.7297402000986,1871.1658215001225,space,0.44390120008029044,None,1871.1673439000733,1871.5826863665754,1871.8965102001093,1871.8822186999023,1871.8829463999718,1871.8965102001093,1871.8965102001093,1871.8965102001093,1876.0661746000405,400,1,[4.168727000011131],[4.1687525999732316],participant_1,001,2025-11-13_15h09.20.907,Deeya Intentional Binding,,2025.1.1,60.18404280301539,2025-11-13 15h09.38.921727 +0530,
0.4,400,unexp,349,13,21,space,0.2851595999673009,None,500,1,[3.2703309999778867],[3.270341500174254],21,13,349,1,1876.0806698999368,,1876.0666849000845,1876.0806698999368,1877.0804687000345,1877.0804687000345,1877.0804687000345,1877.3824577000923,space,0.2851595999673009,None,1877.3838220001198,1877.7980716666827,1878.1104164998978,1878.0935265999287,1878.094860699959,1878.1104164998978,1878.1104164998978,1878.1104164998978,1881.3812132000457,500,1,[3.2703309999778867],[3.270341500174254],participant_1,001,2025-11-13_15h09.20.907,Deeya Intentional Binding,,2025.1.1,60.18404280301539,2025-11-13 15h09.38.921727 +0530,
0.7,400,unexp,350,14,21,space,0.08763970015570521,None,349,1,[5.632819100050256],[5.63284430000931],21,14,350,2,1881.3966922999825,,1881.381479700096,1881.3966922999825,1882.3811639000196,1882.3811639000196,1882.3968096000608,1882.483160499949,space,0.08763970015570521,None,1882.4846598999575,1883.1985097667823,1883.5150709000882,1883.4978132001124,1883.4987918999977,1883.5150709000882,1883.5150709000882,1883.5150709000882,1889.1484868000261,349,1,[5.632819100050256],[5.63284430000931],participant_1,001,2025-11-13_15h09.20.907,Deeya Intentional Binding,,2025.1.1,60.18404280301539,2025-11-13 15h09.38.921727 +0530,
0.1,1000,exp,351,15,21,space,0.05194079992361367,None,100,1,[4.300002200063318],[4.300017600180581],21,15,351,3,1889.1632002000697,,1889.1489494999405,1889.1632002000697,1890.1482873000205,1890.1482873000205,1890.1652301000431,1890.215782900108,space,0.05194079992361367,None,1890.2171541000716,1890.3318809667292,1890.649392500054,1890.6352562999818,1890.6358111998998,1890.649392500054,1890.649392500054,1890.649392500054,1894.9499910001177,100,1,[4.300002200063318],[4.300017600180581],participant_1,001,2025-11-13_15h09.20.907,Deeya Intentional Binding,,2025.1.1,60.18404280301539,2025-11-13 15h09.38.921727 +0530,
0.4,1000,exp,352,0,22,space,0.2688802999909967,None,100,1,[3.2709235998336226],[3.2709434998687357],22,0,352,4,1894.9642769999336,,1894.9504690999165,1894.9642769999336,1895.965179800056,1895.965179800056,1895.965179800056,1896.248611399904,space,0.2688802999909967,None,1896.2500956999138,1896.6649610666248,1896.98055019998,1896.9660853999667,1896.9668207999784,1896.98055019998,1896.98055019998,1896.98055019998,1900.2521176999435,100,1,[3.2709235998336226],[3.2709434998687357],participant_1,001,2025-11-13_15h09.20.907,Deeya Intentional Binding,,2025.1.1,60.18404280301539,2025-11-13 15h09.38.921727 +0530,
0.4,400,unexp,353,1,22,space,0.310722199967131,None,10,1,[5.922150099882856],[5.922167900018394],22,1,353,1,1900.2639289000072,,1900.2526394000743,1900.2639289000072,1901.2647772000637,1901.2647772000637,1901.2647772000637,1901.582017299952,space,0.310722199967131,None,1901.5834198000375,1901.9971600666797,1902.3106875000522,1902.2951974000316,1902.2961746999063,1902.3106875000522,1902.3106875000522,1902.3106875000522,1908.2333903999534,10,1,[5.922150099882856],[5.922167900018394],participant_1,001,2025-11-13_15h09.20.907,Deeya Intentional Binding,,2025.1.1,60.18404280301539,2025-11-13 15h09.38.921727 +0530,
0.1,400,unexp,354,2,22,space,0.3724497000221163,None,10,1,[3.7696907999925315],[3.7697348000947386],22,2,354,0,1908.2472151999827,,1908.2337992999237,1908.2472151999827,1909.247082100017,1909.247082100017,1909.2632377000991,1909.6300922001246,space,0.3724497000221163,None,1909.6308373999782,1909.7311868665895,1910.0451020000037,1910.030911100097,1910.0316709000617,1910.0451020000037,1910.0451020000037,1910.0451020000037,1913.815443099942,10,1,[3.7696907999925315],[3.7697348000947386],participant_1,001,2025-11-13_15h09.20.907,Deeya Intentional Binding,,2025.1.1,60.18404280301539,2025-11-13 15h09.38.921727 +0530,
0.1,400,exp,355,3,22,space,0.034566699992865324,None,10,1,[3.958008100045845],[3.9580240000505],22,3,355,12,1913.8302410999313,,1913.8159606999252,1913.8302410999313,1914.8312613000162,1914.8312613000162,1914.8312613000162,1914.8815500999335,space,0.034566699992865324,None,1914.882826199988,1914.9809802666462,1915.2913615999278,1915.2749048999976,1915.2757518999279,1915.2913615999278,1915.2913615999278,1915.2913615999278,1919.249898799928,10,1,[3.958008100045845],[3.9580240000505],participant_1,001,2025-11-13_15h09.20.907,Deeya Intentional Binding,,2025.1.1,60.18404280301539,2025-11-13 15h09.38.921727 +0530,
0.7,1000,exp,356,4,22,space,1.3172645000740886,None,550,1,[8.486959300003946],[8.486976800020784],22,4,356,11,1919.263911300106,,1919.2503671001177,1919.263911300106,1920.2648479999043,1920.2648479999043,1920.2648479999043,1921.5987923999783,space,1.3172645000740886,None,1921.600333899958,1922.3141613666123,1922.6284749999177,1922.6134347000625,1922.6142156999558,1922.6284749999177,1922.6284749999177,1922.6284749999177,1931.1160085999873,550,1,[8.486959300003946],[8.486976800020784],participant_1,001,2025-11-13_15h09.20.907,Deeya Intentional Binding,,2025.1.1,60.18404280301539,2025-11-13 15h09.38.921727 +0530,
0.4,400,exp,357,5,22,space,0.33642469998449087,None,400,1,[4.502748199971393],[4.5027628999669105],22,5,357,13,1931.1300673999358,,1931.1164551998954,1931.1300673999358,1932.1305388999172,1932.1305388999172,1932.1305388999172,1932.4816858000122,space,0.33642469998449087,None,1932.483094099909,1932.897382366766,1933.2100633000955,1933.1948142999317,1933.1959381999914,1933.2100633000955,1933.2100633000955,1933.2100633000955,1937.7132657999173,400,1,[4.502748199971393],[4.5027628999669105],participant_1,001,2025-11-13_15h09.20.907,Deeya Intentional Binding,,2025.1.1,60.18404280301539,2025-11-13 15h09.38.921727 +0530,
0.1,1000,exp,358,6,22,space,2.85240549989976,None,200,1,[5.091998900054023],[5.092026599915698],22,6,358,6,1937.727581199957,,1937.7136125001125,1937.727581199957,1938.7140715999994,1938.7140715999994,1938.7298985000234,1941.579397100024,space,2.85240549989976,None,1941.581075800117,1941.6806871665797,1942.0054615999106,1941.9879795999732,1941.98943029996,1942.0054615999106,1942.0054615999106,1942.0054615999106,1947.0981775000691,200,1,[5.091998900054023],[5.092026599915698],participant_1,001,2025-11-13_15h09.20.907,Deeya Intentional Binding,,2025.1.1,60.18404280301539,2025-11-13 15h09.38.921727 +0530,
0.7,400,unexp,359,7,22,space,0.3979241999331862,None,300,1,[4.626538299955428],[4.626549100037664],22,7,359,2,1947.113569200039,,1947.0987513000146,1947.113569200039,1948.0974294999614,1948.0974294999614,1948.1135372999124,1948.4987767001148,space,0.3979241999331862,None,1948.500401099911,1949.1980564667067,1949.5182950999588,1949.4980347999372,1949.5000231999438,1949.5182950999588,1949.5182950999588,1949.5182950999588,1954.1452466000337,300,1,[4.626538299955428],[4.626549100037664],participant_1,001,2025-11-13_15h09.20.907,Deeya Intentional Binding,,2025.1.1,60.18404280301539,2025-11-13 15h09.38.921727 +0530,
0.4,1000,unexp,360,8,22,space,0.6582396000158042,None,400,1,[3.871553899953142],[3.8715707999654114],22,8,360,15,1954.1610757000744,,1954.1455127999652,1954.1610757000744,1955.1478506000713,1955.1478506000713,1955.163482400123,1955.8143984000199,space,0.6582396000158042,None,1955.815932800062,1956.213602966691,1956.5256620000582,1956.5120552999433,1956.5128122000024,1956.5256620000582,1956.5256620000582,1956.5256620000582,1960.3978105999995,400,1,[3.871553899953142],[3.8715707999654114],participant_1,001,2025-11-13_15h09.20.907,Deeya Intentional Binding,,2025.1.1,60.18404280301539,2025-11-13 15h09.38.921727 +0530,
0.1,1000,exp,361,9,22,space,0.035436399979516864,None,100,1,[2.022752800025046],[2.022767100017518],22,9,361,9,1960.4132028000895,,1960.398292900063,1960.4132028000895,1961.4135344999377,1961.4135344999377,1961.4135344999377,1961.4643337000161,space,0.035436399979516864,None,1961.4656183999032,1961.5637220666433,1961.881047999952,1961.8652451999951,1961.8661088000517,1961.881047999952,1961.881047999952,1961.881047999952,1963.9043491000775,100,1,[2.022752800025046],[2.022767100017518],participant_1,001,2025-11-13_15h09.20.907,Deeya Intentional Binding,,2025.1.1,60.18404280301539,2025-11-13 15h09.38.921727 +0530,
0.7,1000,exp,362,10,22,space,0.19034670013934374,None,      200,1,[3.439217200037092],[3.439236900070682],22,10,362,8,1963.9133647000417,,1963.9047536998987,1963.9133647000417,1964.9126607000362,1964.9126607000362,1964.9126607000362,1965.1126157001127,space,0.19034670013934374,None,1965.1137820000295,1965.8129737666497,1966.1254424999934,1966.1112146000378,1966.1136300000362,1966.1254424999934,1966.1254424999934,1966.1254424999934,1969.5652638999745,      200,1,[3.439217200037092],[3.439236900070682],participant_1,001,2025-11-13_15h09.20.907,Deeya Intentional Binding,,2025.1.1,60.18404280301539,2025-11-13 15h09.38.921727 +0530,
0.1,1000,exp,363,11,22,space,0.13586619985289872,None,100,1,[2.287365899886936],[2.2873809000011533],22,11,363,3,1969.579478800064,,1969.5657915999182,1969.579478800064,1970.5796392001212,1970.5796392001212,1970.5796392001212,1970.731234600069,space,0.13586619985289872,None,1970.7325110000093,1970.846241366646,1971.161853800062,1971.1457913001068,1971.1462433999404,1971.161853800062,1971.161853800062,1971.161853800062,1973.4499810000416,100,1,[2.287365899886936],[2.2873809000011533],participant_1,001,2025-11-13_15h09.20.907,Deeya Intentional Binding,,2025.1.1,60.18404280301539,2025-11-13 15h09.38.921727 +0530,
0.4,1000,exp,364,12,22,space,0.2710380000062287,None,100,1,[4.757532600080594],[4.757549500092864],22,12,364,10,1973.4623002998997,,1973.4505656999536,1973.4623002998997,1974.4633812000975,1974.4633812000975,1974.4633812000975,1974.7467996999621,space,0.2710380000062287,None,1974.747954200022,1975.1466036667737,1975.4576522000134,1975.444417099934,1975.445138799958,1975.4576522000134,1975.4576522000134,1975.4576522000134,1980.2157417000271,100,1,[4.757532600080594],[4.757549500092864],participant_1,001,2025-11-13_15h09.20.907,Deeya Intentional Binding,,2025.1.1,60.18404280301539,2025-11-13 15h09.38.921727 +0530,
0.4,1000,exp,365,13,22,space,0.3816480999812484,None,200,1,[1.9070758998859674],[1.9070888001006097],22,13,365,7,1980.2295745001175,,1980.2162196999416,1980.2295745001175,1981.2292885000352,1981.2292885000352,1981.2292885000352,1981.6141258000862,space,0.3816480999812484,None,1981.6157070999034,1982.0287317666846,1982.340277200099,1982.323672800092,1982.324557099957,1982.340277200099,1982.340277200099,1982.340277200099,1984.2478314000182,200,1,[1.9070758998859674],[1.9070888001006097],participant_1,001,2025-11-13_15h09.20.907,Deeya Intentional Binding,,2025.1.1,60.18404280301539,2025-11-13 15h09.38.921727 +0530,
0.7,1000,exp,366,14,22,space,0.3288909001275897,None,200,1,[2.0364049000199884],[2.0364237998146564],22,14,366,5,1984.2622366999276,,1984.2481895999517,1984.2622366999276,1985.262348700082,1985.262348700082,1985.262348700082,1985.5974886000622,space,0.3288909001275897,None,1985.5988425998949,1986.3121739666133,1986.6266016000882,1986.6133278999478,1986.6141049999278,1986.6266016000882,1986.6266016000882,1986.6266016000882,1988.6636135000736,200,1,[2.0364049000199884],[2.0364237998146564],participant_1,001,2025-11-13_15h09.20.907,Deeya Intentional Binding,,2025.1.1,60.18404280301539,2025-11-13 15h09.38.921727 +0530,
0.7,1000,unexp,367,15,22,space,1.9071552001405507,None,300,1,[2.234332700027153],[2.234350400045514],22,15,367,14,1988.679165000096,,1988.6641371999867,1988.679165000096,1989.662885100115,1989.662885100115,1989.6799208999146,1991.5804612999782,space,1.9071552001405507,None,1991.5815977000166,1992.296127166661,1992.6131434000563,1992.5958793000318,1992.5967216000427,1992.6131434000563,1992.6131434000563,1992.6131434000563,1994.8480585999787,300,1,[2.234332700027153],[2.234350400045514],participant_1,001,2025-11-13_15h09.20.907,Deeya Intentional Binding,,2025.1.1,60.18404280301539,2025-11-13 15h09.38.921727 +0530,
0.1,400,unexp,368,0,23,space,0.23980419989675283,None,100,1,[1.93412940017879],[1.9341573000419885],23,0,368,0,1994.861449799966,,1994.84852400003,1994.861449799966,1995.8633836000226,1995.8633836000226,1995.8633836000226,1996.1128473000135,space,0.23980419989675283,None,1996.1140791000798,1996.2129743665612,1996.5286224999,1996.5134026000742,1996.5142065999098,1996.5286224999,1996.5286224999,1996.5286224999,1998.463359999936,100,1,[1.93412940017879],[1.9341573000419885],participant_1,001,2025-11-13_15h09.20.907,Deeya Intentional Binding,,2025.1.1,60.18404280301539,2025-11-13 15h09.38.921727 +0530,
0.7,1000,exp,369,1,23,space,0.3779147998429835,None,100,1,[6.103493599919602],[6.103510799817741],23,1,369,5,1998.4791238000616,,1998.4639250000473,1998.4791238000616,1999.4629464999307,1999.4629464999307,1999.4797376000788,1999.8477100001182,space,0.3779147998429835,None,1999.8493158000056,2000.5628955667528,2000.876530499896,2000.862649000017,2000.8634407001082,2000.876530499896,2000.876530499896,2000.876530499896,2006.9806335999165,100,1,[6.103493599919602],[6.103510799817741],participant_1,001,2025-11-13_15h09.20.907,Deeya Intentional Binding,,2025.1.1,60.18404280301539,2025-11-13 15h09.38.921727 +0530,
0.1,1000,exp,370,2,23,space,0.3991146001499146,None,100,1,[16.065600200090557],[16.06562320003286],23,2,370,6,2006.9959933001082,,2006.981109400047,2006.9959933001082,2007.9965494999196,2007.9965494999196,2007.9965494999196,2008.3970325000118,space,0.3991146001499146,None,2008.3986998999026,2008.4966683667774,2008.8134127000812,2008.79696279997,2008.7977660000324,2008.8134127000812,2008.8134127000812,2008.8134127000812,2024.8798507999163,100,1,[16.065600200090557],[16.06562320003286],participant_1,001,2025-11-13_15h09.20.907,Deeya Intentional Binding,,2025.1.1,60.18404280301539,2025-11-13 15h09.38.921727 +0530,
0.4,1000,unexp,371,3,23,space,0.25770819978788495,None,150,1,[4.353520900011063],[4.353532099863514],23,3,371,15,2024.8945412000176,,2024.8805392000359,2024.8945412000176,2025.896081800107,2025.896081800107,2025.896081800107,2026.1624682000838,space,0.25770819978788495,None,2026.163801500108,2026.5631590667801,2026.8751395998988,2026.8615153001156,2026.862239900045,2026.8751395998988,2026.8751395998988,2026.8751395998988,2031.2290932000615,150,1,[4.353520900011063],[4.353532099863514],participant_1,001,2025-11-13_15h09.20.907,Deeya Intentional Binding,,2025.1.1,60.18404280301539,2025-11-13 15h09.38.921727 +0530,
0.4,1000,exp,372,4,23,space,1.1276684999465942,None,200,1,[20.500731199979782],[20.50075410003774],23,4,372,4,2031.2443677999545,,2031.2294298000634,2031.2443677999545,2032.2280117000919,2032.2280117000919,2032.2446622001007,2033.3612240999937,space,1.1276684999465942,None,2033.3623673999682,2033.7626016666802,2034.0771526000462,2034.0626250000205,2034.0633662999608,2034.0771526000462,2034.0771526000462,2034.0771526000462,2054.57857579994,200,1,[20.500731199979782],[20.50075410003774],participant_1,001,2025-11-13_15h09.20.907,Deeya Intentional Binding,,2025.1.1,60.18404280301539,2025-11-13 15h09.38.921727 +0530,
0.7,1000,exp,373,5,23,space,0.3278938999865204,None,200,1,[9.485916099976748],[9.485936400014907],23,5,373,11,2054.5935545000248,,2054.5791003000923,2054.5935545000248,2055.578105200082,2055.578105200082,2055.595753800124,2055.9132425000425,space,0.3278938999865204,None,2055.9148750000168,2056.628718766679,2056.9435932999477,2056.9306918000802,2056.931368000107,2056.9435932999477,2056.9435932999477,2056.9435932999477,2066.4301164001226,200,1,[9.485916099976748],[9.485936400014907],participant_1,001,2025-11-13_15h09.20.907,Deeya Intentional Binding,,2025.1.1,60.18404280301539,2025-11-13 15h09.38.921727 +0530,
0.1,1000,exp,374,6,23,space,0.9870110000483692,None,30,1,[4.301581799983978],[4.301598499994725],23,6,374,3,2066.4446423999034,,2066.4306208000053,2066.4446423999034,2067.4450757000595,2067.4450757000595,2067.4450757000595,2068.4467080999166,space,0.9870110000483692,None,2068.4481363999657,2068.5619507667766,2068.878633199958,2068.8652550000697,2068.8660128999036,2068.878633199958,2068.878633199958,2068.878633199958,2073.180805800017,30,1,[4.301581799983978],[4.301598499994725],participant_1,001,2025-11-13_15h09.20.907,Deeya Intentional Binding,,2025.1.1,60.18404280301539,2025-11-13 15h09.38.921727 +0530,
0.4,400,unexp,375,7,23,space,0.07768699992448092,None,40,1,[19.96872330014594],[19.968739100033417],23,7,375,1,2073.194275399903,,2073.181254300056,2073.194275399903,2074.1936506000347,2074.1936506000347,2074.21046010009,2074.2773963999934,space,0.07768699992448092,None,2074.278512699995,2074.6932426666067,2075.0104175999295,2074.9958353999536,2074.9965691999532,2075.0104175999295,2075.0104175999295,2075.0104175999295,2094.979868500028,40,1,[19.96872330014594],[19.968739100033417],participant_1,001,2025-11-13_15h09.20.907,Deeya Intentional Binding,,2025.1.1,60.18404280301539,2025-11-13 15h09.38.921727 +0530,
0.7,1000,unexp,376,8,23,space,0.49637180007994175,None,800,1,[25.46720360009931],[25.467224800027907],23,8,376,14,2094.993721100036,,2094.9803122000303,2094.993721100036,2095.9943128000014,2095.9943128000014,2095.9943128000014,2096.4957713000476,space,0.49637180007994175,None,2096.497194000054,2097.2114199666,2097.526691199979,2097.5123441999312,2097.513069000095,2097.526691199979,2097.526691199979,2097.526691199979,2122.9945674000774,800,1,[25.46720360009931],[25.467224800027907],participant_1,001,2025-11-13_15h09.20.907,Deeya Intentional Binding,,2025.1.1,60.18404280301539,2025-11-13 15h09.38.921727 +0530,
0.7,400,unexp,377,9,23,space,0.24802329996600747,None,200,1,[4.242631999775767],[4.2426516998093575],23,9,377,2,2123.0104000000283,,2122.995172899915,2123.0104000000283,2124.010969300056,2124.010969300056,2124.010969300056,2124.2614406000357,space,0.24802329996600747,None,2124.2628272001166,2124.9608030666755,2125.2703418999445,2125.254563699942,2125.255308999913,2125.2703418999445,2125.2703418999445,2125.2703418999445,2129.5135935998987,200,1,[4.242631999775767],[4.2426516998093575],participant_1,001,2025-11-13_15h09.20.907,Deeya Intentional Binding,,2025.1.1,60.18404280301539,2025-11-13 15h09.38.921727 +0530,
0.4,400,exp,378,10,23,space,0.12489350000396371,None,200,1,[4.4866305000614375],[4.486646700184792],23,10,378,13,2129.5270171000157,,2129.5140935000964,2129.5270171000157,2130.5271036000922,2130.5271036000922,2130.5271036000922,2130.66113630007,space,0.12489350000396371,None,2130.662346099969,2131.076591566733,2131.39012659993,2131.3745327000506,2131.375630799914,2131.39012659993,2131.39012659993,2131.39012659993,2135.877315199934,200,1,[4.4866305000614375],[4.486646700184792],participant_1,001,2025-11-13_15h09.20.907,Deeya Intentional Binding,,2025.1.1,60.18404280301539,2025-11-13 15h09.38.921727 +0530,
0.7,1000,exp,379,11,23,space,0.26735339988954365,None,400,1,[1.890797199914232],[1.8908124999143183],23,11,379,8,2135.8907385000493,,2135.8778001999017,2135.8907385000493,2136.8767834000755,2136.8767834000755,2136.8933393000625,2137.161357899895,space,0.26735339988954365,None,2137.162692300044,2137.876458966701,2138.186984400032,2138.1748987999745,2138.1756106000394,2138.186984400032,2138.186984400032,2138.186984400032,2140.078295300016,400,1,[1.890797199914232],[1.8908124999143183],participant_1,001,2025-11-13_15h09.20.907,Deeya Intentional Binding,,2025.1.1,60.18404280301539,2025-11-13 15h09.38.921727 +0530,
0.4,1000,exp,380,12,23,space,0.42056839982979,None,400,1,[1.9867890998721123],[1.986819899873808],23,12,380,7,2140.0931190000847,,2140.0787573000416,2140.0931190000847,2141.0934433001094,2141.0934433001094,2141.0934433001094,2141.525754299946,space,0.42056839982979,None,2141.5264483001083,2141.926990266719,2142.2402594999876,2142.225116000045,2142.2259100000374,2142.2402594999876,2142.2402594999876,2142.2402594999876,2144.227783899987,400,1,[1.9867890998721123],[1.986819899873808],participant_1,001,2025-11-13_15h09.20.907,Deeya Intentional Binding,,2025.1.1,60.18404280301539,2025-11-13 15h09.38.921727 +0530,
0.4,1000,exp,381,13,23,space,0.33874869998544455,None,400,1,[1.985383199993521],[1.9854003998916596],23,13,381,10,2144.2432762000244,,2144.2283298000693,2144.2432762000244,2145.2430497999303,2145.2430497999303,2145.2430497999303,2145.5949623000342,space,0.33874869998544455,None,2145.596254900098,2146.008736966706,2146.3262904000003,2146.3115205001086,2146.3123846000526,2146.3262904000003,2146.3262904000003,2146.3262904000003,2148.3122417000122,400,1,[1.985383199993521],[1.9854003998916596],participant_1,001,2025-11-13_15h09.20.907,Deeya Intentional Binding,,2025.1.1,60.18404280301539,2025-11-13 15h09.38.921727 +0530,
0.1,400,exp,382,14,23,space,0.1522340001538396,None,300,1,[2.3831430999562144],[2.383165800012648],23,14,382,12,2148.326400599908,,2148.312721000053,2148.326400599908,2149.3244104001205,2149.3244104001205,2149.3244104001205,2149.4782221999485,space,0.1522340001538396,None,2149.4793877999764,2149.593945566627,2149.9100494000595,2149.8951854999177,2149.8959719999693,2149.9100494000595,2149.9100494000595,2149.9100494000595,2152.293812100077,300,1,[2.3831430999562144],[2.383165800012648],participant_1,001,2025-11-13_15h09.20.907,Deeya Intentional Binding,,2025.1.1,60.18404280301539,2025-11-13 15h09.38.921727 +0530,
0.1,1000,exp,383,15,23,space,0.2002701999153942,None,200,1,[8.62207330018282],[8.622094799997285],23,15,383,9,2152.3099988000467,,2152.2943148999475,2152.3099988000467,2153.292734900024,2153.292734900024,2153.310069900006,2153.509591900045,space,0.2002701999153942,None,2153.5111863000784,2153.6095027665765,2153.92198679992,2153.908434299985,2153.9091761000454,2153.92198679992,2153.92198679992,2153.92198679992,2162.5450627000537,200,1,[8.62207330018282],[8.622094799997285],participant_1,001,2025-11-13_15h09.20.907,Deeya Intentional Binding,,2025.1.1,60.18404280301539,2025-11-13 15h09.38.921727 +0530,
0.1,400,exp,384,0,24,space,0.30397040001116693,None,300,1,[4.053933099843562],[4.053948899963871],24,0,384,12,2162.5596873001195,,2162.545664800098,2162.5596873001195,2163.5596117000096,2163.5596117000096,2163.5596117000096,2163.875740800053,space,0.30397040001116693,None,2163.8765750001185,2163.9764444665675,2164.2885326000396,2164.2740185000002,2164.274778000079,2164.2885326000396,2164.2885326000396,2164.2885326000396,2168.3429547999986,300,1,[4.053933099843562],[4.053948899963871],participant_1,001,2025-11-13_15h09.20.907,Deeya Intentional Binding,,2025.1.1,60.18404280301539,2025-11-13 15h09.38.921727 +0530,
0.7,400,unexp,385,1,24,space,0.2694975999183953,None,200,1,[3.2847869000397623],[3.284801800036803],24,1,385,2,2168.359432300087,,2168.343430500012,2168.359432300087,2169.3420180999674,2169.3420180999674,2169.3572897000704,2169.6275126999244,space,0.2694975999183953,None,2169.628842599923,2170.3437720665866,2170.657889199909,2170.644300099928,2170.6446458001155,2170.657889199909,2170.657889199909,2170.657889199909,2173.943239999935,200,1,[3.2847869000397623],[3.284801800036803],participant_1,001,2025-11-13_15h09.20.907,Deeya Intentional Binding,,2025.1.1,60.18404280301539,2025-11-13 15h09.38.921727 +0530,
0.4,400,exp,386,2,24,space,0.25276890001259744,None,500,1,[2.135964300017804],[2.1359899998642504],24,2,386,13,2173.959714700002,,2173.943790399935,2173.959714700002,2174.958367000101,2174.958367000101,2174.9751190999523,2175.2273363999557,space,0.25276890001259744,None,2175.2287099999376,2175.6435668667004,2175.957274599932,2175.9432818000205,2175.944051099941,2175.957274599932,2175.957274599932,2175.957274599932,2178.0938548000995,500,1,[2.135964300017804],[2.1359899998642504],participant_1,001,2025-11-13_15h09.20.907,Deeya Intentional Binding,,2025.1.1,60.18404280301539,2025-11-13 15h09.38.921727 +0530,
0.4,1000,exp,387,3,24,space,0.023185099940747023,None,400,1,[1.471018899930641],[1.471040999982506],24,3,387,7,2178.1093315999024,,2178.0943227000535,2178.1093315999024,2179.10986159998,2179.10986159998,2179.10986159998,2179.1434520001058,space,0.023185099940747023,None,2179.144832900027,2179.54301026656,2179.8560824999586,2179.8408236000687,2179.841888499912,2179.8560824999586,2179.8560824999586,2179.8560824999586,2181.3277847999707,400,1,[1.471018899930641],[1.471040999982506],participant_1,001,2025-11-13_15h09.20.907,Deeya Intentional Binding,,2025.1.1,60.18404280301539,2025-11-13 15h09.38.921727 +0530,
0.1,1000,exp,388,4,24,space,0.2625874001532793,None,100,1,[1.743112799944356],[1.7431280999444425],24,4,388,3,2181.342004700098,,2181.328397900099,2181.342004700098,2182.342204899993,2182.342204899993,2182.342204899993,2182.610510899918,space,0.2625874001532793,None,2182.6116434999276,2182.709684266771,2183.017674899893,2183.0021055999678,2183.002838100074,2183.017674899893,2183.017674899893,2183.017674899893,2184.7613367000595,100,1,[1.743112799944356],[1.7431280999444425],participant_1,001,2025-11-13_15h09.20.907,Deeya Intentional Binding,,2025.1.1,60.18404280301539,2025-11-13 15h09.38.921727 +0530,
0.4,1000,exp,389,5,24,space,0.06819060002453625,None,190,1,[2.5831544001121074],[2.58316979999654],24,5,389,10,2184.776173799997,,2184.76177620003,2184.776173799997,2185.7762748000678,2185.7762748000678,2185.7762748000678,2185.8602456999943,space,0.06819060002453625,None,2185.86169410008,2186.2596372666926,2186.578356999904,2186.563147699926,2186.5639438000508,2186.578356999904,2186.578356999904,2186.578356999904,2189.1620320999064,190,1,[2.5831544001121074],[2.58316979999654],participant_1,001,2025-11-13_15h09.20.907,Deeya Intentional Binding,,2025.1.1,60.18404280301539,2025-11-13 15h09.38.921727 +0530,
0.7,1000,exp,390,6,24,space,0.3049733000807464,None,200,1,[4.456248899921775],[4.456270399969071],24,6,390,8,2189.176113500027,,2189.1624727000017,2189.176113500027,2190.175410500029,2190.175410500029,2190.175410500029,2190.494343600003,space,0.3049733000807464,None,2190.4958502000663,2191.208401766668,2191.520324199926,2191.5040661001112,2191.505051099928,2191.520324199926,2191.520324199926,2191.520324199926,2195.977302199928,200,1,[4.456248899921775],[4.456270399969071],participant_1,001,2025-11-13_15h09.20.907,Deeya Intentional Binding,,2025.1.1,60.18404280301539,2025-11-13 15h09.38.921727 +0530,
0.1,1000,exp,391,7,24,space,0.49271350004710257,None,300,1,[2.9718903000466526],[2.9719131998717785],24,7,391,9,2195.9929720000364,,2195.9778668000363,2195.9929720000364,2196.9924602000974,2196.9924602000974,2196.9924602000974,2197.492952300003,space,0.49271350004710257,None,2197.4946421999484,2197.5930106666096,2197.9053497998975,2197.890546800103,2197.8913225000724,2197.9053497998975,2197.9053497998975,2197.9053497998975,2200.8779551000334,300,1,[2.9718903000466526],[2.9719131998717785],participant_1,001,2025-11-13_15h09.20.907,Deeya Intentional Binding,,2025.1.1,60.18404280301539,2025-11-13 15h09.38.921727 +0530,
0.4,400,unexp,392,8,24,space,0.1626796000637114,None,200,1,[2.542603100184351],[2.542619700077921],24,8,392,1,2200.8920408000704,,2200.8785439999774,2200.8920408000704,2201.8923518999945,2201.8923518999945,2201.8923518999945,2202.061187400017,space,0.1626796000637114,None,2202.062538600061,2202.475166066612,2202.7835673999507,2202.7717496000696,2202.7728770000394,2202.7835673999507,2202.7835673999507,2202.7835673999507,2205.326738300035,200,1,[2.542603100184351],[2.542619700077921],participant_1,001,2025-11-13_15h09.20.907,Deeya Intentional Binding,,2025.1.1,60.18404280301539,2025-11-13 15h09.38.921727 +0530,
0.7,1000,exp,393,9,24,space,0.20906640007160604,None,400,1,[0.801010699942708],[0.8010286998469383],24,9,393,11,2205.342775600031,,2205.3272623000666,2205.342775600031,2206.3419143999927,2206.3419143999927,2206.3419143999927,2206.557138999924,space,0.20906640007160604,None,2206.558258400066,2207.259850366569,2207.5762652000412,2207.5605979000684,2207.561382899992,2207.5762652000412,2207.5762652000412,2207.5762652000412,2208.377888499992,400,1,[0.801010699942708],[0.8010286998469383],participant_1,001,2025-11-13_15h09.20.907,Deeya Intentional Binding,,2025.1.1,60.18404280301539,2025-11-13 15h09.38.921727 +0530,
0.4,1000,exp,394,10,24,space,0.16303569986484945,None,500,1,[2.45100750005804],[2.451025600079447],24,10,394,4,2208.3913749000058,,2208.3783621001057,2208.3913749000058,2209.3927438999526,2209.3927438999526,2209.3927438999526,2209.558073000051,space,0.16303569986484945,None,2209.5588410000782,2209.95943116659,2210.2760077998973,2210.260837000096,2210.2621216999833,2210.2760077998973,2210.2760077998973,2210.2760077998973,2212.727686200058,500,1,[2.45100750005804],[2.451025600079447],participant_1,001,2025-11-13_15h09.20.907,Deeya Intentional Binding,,2025.1.1,60.18404280301539,2025-11-13 15h09.38.921727 +0530,
0.7,1000,exp,395,11,24,space,0.11922059999778867,None,700,1,[2.255264700157568],[2.2552795000374317],24,11,395,5,2212.7427753999364,,2212.7281984,2212.7427753999364,2213.7413079999387,2213.7413079999387,2213.7413079999387,2213.8772082000505,space,0.11922059999778867,None,2213.87868850003,2214.5931792667293,2214.9064265000634,2214.892457900103,2214.893240599893,2214.9064265000634,2214.9064265000634,2214.9064265000634,2217.1623217999004,700,1,[2.255264700157568],[2.2552795000374317],participant_1,001,2025-11-13_15h09.20.907,Deeya Intentional Binding,,2025.1.1,60.18404280301539,2025-11-13 15h09.38.921727 +0530,
0.1,400,unexp,396,12,24,space,0.24741799989715219,None,200,1,[1.067643100162968],[1.0676607000641525],24,12,396,0,2217.1754640000872,,2217.16275899997,2217.1754640000872,2218.1756243999116,2218.1756243999116,2218.1756243999116,2218.42758950009,space,0.24741799989715219,None,2218.4290642999113,2218.5403952666716,2218.8587652998976,2218.8434242000803,2218.8443477998953,2218.8587652998976,2218.8587652998976,2218.8587652998976,2219.9269524998963,200,1,[1.067643100162968],[1.0676607000641525],participant_1,001,2025-11-13_15h09.20.907,Deeya Intentional Binding,,2025.1.1,60.18404280301539,2025-11-13 15h09.38.921727 +0530,
0.7,1000,unexp,397,13,24,space,0.19234839989803731,None,300,1,[2.0267026000656188],[2.026718799956143],24,13,397,14,2219.9413568999153,,2219.9273868999444,2219.9413568999153,2220.942165300017,2220.942165300017,2220.942165300017,2221.142158499919,space,0.19234839989803731,None,2221.143523100065,2221.8562050667283,2222.1658081000205,2222.155719399918,2222.15630110004,2222.1658081000205,2222.1658081000205,2222.1658081000205,2224.192988600116,300,1,[2.0267026000656188],[2.026718799956143],participant_1,001,2025-11-13_15h09.20.907,Deeya Intentional Binding,,2025.1.1,60.18404280301539,2025-11-13 15h09.38.921727 +0530,
0.4,1000,unexp,398,14,24,space,0.5383262999821454,None,300,1,[3.102633999893442],[3.102661899989471],24,14,398,15,2224.2072620999534,,2224.1933881998993,2224.2072620999534,2225.2078303999733,2225.2078303999733,2225.2078303999733,2225.7594039000105,space,0.5383262999821454,None,2225.7609012001194,2226.1586556665757,2226.4744623999577,2226.4571529999375,2226.4576522998977,2226.4744623999577,2226.4744623999577,2226.4744623999577,2229.5786258999724,300,1,[3.102633999893442],[3.102661899989471],participant_1,001,2025-11-13_15h09.20.907,Deeya Intentional Binding,,2025.1.1,60.18404280301539,2025-11-13 15h09.38.921727 +0530,
0.1,1000,exp,399,15,24,space,0.2719501000829041,None,200,1,[2.6202491000294685],[2.62026230012998],24,15,399,6,2229.5915854000486,,2229.5791450000834,2229.5915854000486,2230.5920498000924,2230.5920498000924,2230.5920498000924,2230.8745897999033,space,0.2719501000829041,None,2230.8752639000304,2230.9747638665763,2231.288459399948,2231.2748471999075,2231.2755511000287,2231.288459399948,2231.288459399948,2231.288459399948,2233.909195699962,200,1,[2.6202491000294685],[2.62026230012998],participant_1,001,2025-11-13_15h09.20.907,Deeya Intentional Binding,,2025.1.1,60.18404280301539,2025-11-13 15h09.38.921727 +0530,
